Encode Order, Type, POC, QP, Bits, Scenecut, I/P cost ratio, Y PSNR, U PSNR, V PSNR, YUV PSNR, Latency, List 0, List 1, Intra 64x64 DC, Intra 64x64 Planar, Intra 64x64 Ang, Intra 32x32 DC, Intra 32x32 Planar, Intra 32x32 Ang, Intra 16x16 DC, Intra 16x16 Planar, Intra 16x16 Ang, Intra 8x8 DC, Intra 8x8 Planar, Intra 8x8 Ang, 4x4, Inter 64x64, Inter 32x32, Inter 16x16, Inter 8x8, Skip 64x64, Skip 32x32, Skip 16x16, Skip 8x8, Merge 64x64, Merge 32x32, Merge 16x16, Merge 8x8, Avg Luma Distortion, Avg Chroma Distortion, Avg psyEnergy, Avg Residual Energy, Min Luma Level, Max Luma Level, Avg Luma Level, Min Cb Level, Max Cb Level, Avg Cb Level, Min Cr Level, Max Cr Level, Avg Cr Level, Intra 64x64, Skip 64x64, AMP 64, Inter 64x64, Merge 64x64, Inter 64x32, Merge 64x32, Inter 32x64, Merge 32x64, Intra 32x32, Skip 32x32, AMP 32, Inter 32x32, Merge 32x32, Inter 32x16, Merge 32x16, Inter 16x32, Merge 16x32, Intra 16x16, Skip 16x16, AMP 16, Inter 16x16, Merge 16x16, Inter 16x8, Merge 16x8, Inter 8x16, Merge 8x16, Intra 8x8, Skip 8x8, AMP 8, Inter 8x8, Merge 8x8, Inter 8x4, Merge 8x4, Inter 4x8, Merge 4x8, 4x4, DecideWait (ms), Row0Wait (ms), Wall time (ms), Ref Wait Wall (ms), Total CTU time (ms),Stall Time (ms), Total frame time (ms), Avg WPP, Row Blocks
0, I-SLICE,    0, 19.00,    2549528, 0,0.00,44.780, 46.160, 47.833, 45.334,27,  -, -, 0.00%,  0.00%,  0.00%, 0.05%,  0.09%,  0.19%, 0.59%,  0.37%,  1.20%,23.35%, 13.41%, 49.80%,10.95%,  0.00%,  0.00%,  0.00%,  0.00%,  0.00%,  0.00%,  0.00%,  0.00%,  0.00%,  0.00%,  0.00%,  0.00%, 8729.71, 2695.67, 0.00, 115909.74 , 17, 235, 125.86, 56, 149, 109.96, 105, 227, 146.28, 0.00%, 0.00%,0.00%, 0.00%, 0.00%, 0.00%, 0.00%, 0.00%, 0.00%, 100.00%, 0.00%,0.00%, 0.00%, 0.00%, 0.00%, 0.00%, 0.00%, 0.00%, 100.00%, 0.00%,0.00%, 0.00%, 0.00%, 0.00%, 0.00%, 0.00%, 0.00%, 99.06%, 0.00%,0.00%, 0.94%, 0.00%, 0.00%, 0.00%, 0.00%, 0.00%,100.00%, 11945.3, 83.6, 72608.1, 66932.7, 0.0, 0.0, 83859.4, 1.000, 0
1, P-SLICE,    4, 22.00,     858616, 0,1.48,40.465, 45.054, 46.520, 41.796,24, 0 , -, 0.00%,  0.00%,  0.00%, 0.25%,  0.27%,  1.39%, 5.43%,  2.10%, 20.86%, 8.50%,  3.80%, 34.64%, 0.00%,  0.00%,  0.07%,  4.42%, 12.27%,  0.00%,  0.01%,  1.76%,  2.50%,  0.00%,  0.01%,  0.91%,  0.79%, 24548.06, 3645.94, 0.00, 117376.04 , 17, 235, 124.31, 58, 148, 110.47, 108, 220, 146.69, 0.00%, 0.00%,0.00%, 0.00%, 0.00%, 0.00%, 0.00%, 0.00%, 0.00%, 95.27%, 1.45%,0.00%, 1.82%, 1.45%, 0.00%, 0.00%, 0.00%, 0.00%, 80.00%, 7.53%,0.00%, 10.62%, 1.85%, 0.00%, 0.00%, 0.00%, 0.00%, 73.06%, 5.11%,0.00%, 14.88%, 6.95%, 0.00%, 0.00%, 0.00%, 0.00%,0.00%, 52204.0, 437.0, 395446.7, 377023.7, 0.0, 0.0, 530625.5, 1.000, 0
2, B-SLICE,    2, 23.00,     442672, 0,1.51,40.105, 44.977, 46.409, 41.502,27, 0 ,4 , 0.00%,  0.00%,  0.00%, 0.00%,  0.00%,  0.00%, 0.00%,  0.00%,  0.00%, 0.00%,  0.00%,  0.00%, 0.00%,  0.10%, 11.35%, 19.56%, 46.77%,  0.00%,  2.16%,  1.80%,  3.67%,  0.07%,  5.01%,  3.31%,  6.21%, 27195.38, 3700.47, 0.00, 154826.83 , 17, 235, 125.25, 58, 149, 110.09, 103, 226, 146.37, 0.00%, 41.67%,0.00%, 50.00%, 8.33%, 0.00%, 0.00%, 0.00%, 0.00%, 0.00%, 38.70%,0.00%, 41.33%, 19.97%, 0.00%, 0.00%, 0.00%, 0.00%, 0.00%, 20.72%,0.00%, 45.20%, 34.09%, 0.00%, 0.00%, 0.00%, 0.00%, 0.00%, 16.44%,0.00%, 38.78%, 44.77%, 0.00%, 0.00%, 0.00%, 0.00%,0.00%, 146.4, 23.1, 638027.2, 607977.0, 0.0, 0.0, 1169424.7, 1.000, 0
3, b-SLICE,    1, 24.00,     278976, 0,1.54,39.909, 44.962, 46.342, 41.345,29, 0 ,2 4 , 0.00%,  0.00%,  0.00%, 0.00%,  0.00%,  0.00%, 0.00%,  0.00%,  0.00%, 0.00%,  0.00%,  0.00%, 0.00%,  0.17%, 14.09%, 18.59%, 38.69%,  0.00%,  2.70%,  3.07%,  6.34%,  0.08%,  6.35%,  4.12%,  5.80%, 28169.75, 3703.99, 0.00, 85096.06 , 17, 235, 125.79, 57, 151, 110.04, 106, 227, 146.19, 0.00%, 33.33%,0.00%, 66.67%, 0.00%, 0.00%, 0.00%, 0.00%, 0.00%, 0.00%, 39.12%,0.00%, 45.32%, 15.56%, 0.00%, 0.00%, 0.00%, 0.00%, 0.00%, 27.88%,0.00%, 43.34%, 28.78%, 0.00%, 0.00%, 0.00%, 0.00%, 0.00%, 22.14%,0.00%, 42.37%, 35.49%, 0.00%, 0.00%, 0.00%, 0.00%,0.00%, 124.2, 5.7, 741548.7, 707522.4, 0.0, 0.0, 1911401.7, 1.000, 0
4, b-SLICE,    3, 24.00,     275328, 0,1.50,39.916, 44.825, 46.097, 41.302,28, 2 0 ,4 , 0.00%,  0.00%,  0.00%, 0.00%,  0.00%,  0.00%, 0.00%,  0.00%,  0.00%, 0.00%,  0.00%,  0.00%, 0.00%,  0.53%,  8.02%, 19.00%, 37.42%,  0.00%,  1.27%,  1.38%,  2.97%,  1.29%, 10.63%,  7.39%, 10.10%, 27577.68, 3858.95, 0.00, 79664.10 , 17, 235, 124.77, 56, 149, 110.30, 103, 220, 146.53, 0.00%, 70.71%,0.00%, 20.20%, 9.09%, 0.00%, 0.00%, 0.00%, 0.00%, 0.00%, 59.76%,0.00%, 24.98%, 15.26%, 0.00%, 0.00%, 0.00%, 0.00%, 0.00%, 31.59%,0.00%, 33.51%, 34.90%, 0.00%, 0.00%, 0.00%, 0.00%, 0.00%, 23.79%,0.00%, 39.56%, 36.64%, 0.00%, 0.00%, 0.00%, 0.00%,0.00%, 74.5, 10.0, 726761.0, 695774.4, 0.0, 0.0, 2637648.1, 1.000, 0
5, P-SLICE,    8, 22.00,     747536, 0,1.48,40.604, 45.092, 46.535, 41.907,24, 4 2 0 , -, 0.00%,  0.00%,  0.00%, 0.80%,  0.46%,  2.68%, 3.25%,  1.36%, 10.30%, 7.17%,  2.51%, 28.29%, 0.00%,  0.01%,  5.06%, 11.82%, 20.16%,  0.00%,  0.20%,  0.90%,  2.46%,  0.00%,  0.12%,  0.74%,  1.69%, 23281.88, 3628.20, 0.00, 122866.84 , 17, 235, 124.36, 56, 150, 110.71, 104, 219, 146.64, 0.00%, 0.00%,0.00%, 100.00%, 0.00%, 0.00%, 0.00%, 0.00%, 0.00%, 42.35%, 3.45%,0.00%, 32.11%, 22.09%, 0.00%, 0.00%, 0.00%, 0.00%, 52.53%, 5.81%,0.00%, 21.75%, 19.91%, 0.00%, 0.00%, 0.00%, 0.00%, 58.69%, 6.42%,0.00%, 18.43%, 16.47%, 0.00%, 0.00%, 0.00%, 0.00%,0.00%, 9826.2, 148.2, 882790.7, 838525.6, 0.0, 0.0, 3528917.0, 1.000, 0
6, B-SLICE,    6, 23.00,     451144, 0,1.46,40.142, 44.888, 46.149, 41.486,27, 4 2 0 ,8 , 0.00%,  0.00%,  0.00%, 0.00%,  0.00%,  0.00%, 0.00%,  0.00%,  0.00%, 0.00%,  0.00%,  0.00%, 0.00%,  0.53%, 10.94%, 20.27%, 44.41%,  0.00%,  1.48%,  1.79%,  3.07%,  0.28%,  5.68%,  4.05%,  7.51%, 26062.79, 3840.83, 0.00, 151875.26 , 17, 235, 124.21, 57, 154, 110.66, 107, 219, 146.77, 0.00%, 34.62%,0.00%, 46.15%, 19.23%, 0.00%, 0.00%, 0.00%, 0.00%, 0.00%, 39.59%,0.00%, 34.98%, 25.43%, 0.00%, 0.00%, 0.00%, 0.00%, 0.00%, 22.37%,0.00%, 38.99%, 38.64%, 0.00%, 0.00%, 0.00%, 0.00%, 0.00%, 18.03%,0.00%, 38.95%, 43.03%, 0.00%, 0.00%, 0.00%, 0.00%,0.00%, 4.8, 3.8, 990987.9, 948529.9, 0.0, 0.0, 4520513.1, 1.000, 0
7, b-SLICE,    5, 24.00,     293232, 0,1.47,39.904, 44.796, 46.063, 41.285,29, 4 2 ,6 8 , 0.00%,  0.00%,  0.00%, 0.00%,  0.00%,  0.00%, 0.00%,  0.00%,  0.00%, 0.00%,  0.00%,  0.00%, 0.00%,  0.97%, 10.74%, 19.36%, 38.79%,  0.00%,  2.46%,  2.15%,  3.73%,  0.64%,  7.57%,  5.87%,  7.70%, 27471.60, 3883.54, 0.00, 74598.28 , 17, 235, 123.96, 56, 148, 110.63, 107, 219, 146.82, 0.00%, 39.77%,0.00%, 50.00%, 10.23%, 0.00%, 0.00%, 0.00%, 0.00%, 0.00%, 48.32%,0.00%, 34.07%, 17.61%, 0.00%, 0.00%, 0.00%, 0.00%, 0.00%, 29.28%,0.00%, 38.55%, 32.17%, 0.00%, 0.00%, 0.00%, 0.00%, 0.00%, 20.93%,0.00%, 39.91%, 39.17%, 0.00%, 0.00%, 0.00%, 0.00%,0.00%, 78.8, 3.9, 926390.5, 879670.5, 0.0, 0.0, 5447288.0, 1.000, 0
8, b-SLICE,    7, 24.00,     285448, 0,1.47,39.903, 44.825, 46.036, 41.285,28, 6 4 2 ,8 , 0.00%,  0.00%,  0.00%, 0.00%,  0.00%,  0.00%, 0.00%,  0.00%,  0.00%, 0.00%,  0.00%,  0.00%, 0.00%,  1.45%,  7.74%, 18.98%, 42.84%,  0.00%,  1.15%,  1.77%,  3.30%,  2.54%,  5.32%,  5.46%,  9.45%, 27485.25, 3870.51, 0.00, 81364.71 , 17, 235, 124.53, 58, 156, 110.64, 107, 219, 146.73, 0.00%, 63.68%,0.00%, 26.37%, 9.95%, 0.00%, 0.00%, 0.00%, 0.00%, 0.00%, 45.53%,0.00%, 35.20%, 19.27%, 0.00%, 0.00%, 0.00%, 0.00%, 0.00%, 27.58%,0.00%, 39.77%, 32.65%, 0.00%, 0.00%, 0.00%, 0.00%, 0.00%, 21.12%,0.00%, 37.86%, 41.02%, 0.00%, 0.00%, 0.00%, 0.00%,0.00%, 0.5, 6.6, 940689.9, 899294.0, 0.0, 0.0, 6387387.5, 1.000, 0
9, P-SLICE,   13, 22.00,     718560, 0,1.54,40.640, 45.084, 46.622, 41.943,23, 8 6 4 , -, 0.00%,  0.00%,  0.00%, 0.69%,  0.70%,  2.61%, 3.32%,  1.19%, 10.71%, 6.69%,  2.25%, 27.64%, 0.00%,  0.13%,  4.83%, 12.30%, 21.17%,  0.00%,  0.14%,  0.51%,  2.34%,  0.00%,  0.22%,  0.87%,  1.69%, 23008.51, 3614.24, 0.00, 107280.51 , 17, 235, 123.88, 57, 144, 110.68, 108, 217, 145.41, 0.00%, 0.00%,0.00%, 76.92%, 23.08%, 0.00%, 0.00%, 0.00%, 0.00%, 43.51%, 3.91%,0.00%, 32.77%, 19.80%, 0.00%, 0.00%, 0.00%, 0.00%, 52.65%, 4.80%,0.00%, 21.86%, 20.69%, 0.00%, 0.00%, 0.00%, 0.00%, 56.94%, 6.27%,0.00%, 20.65%, 16.14%, 0.00%, 0.00%, 0.00%, 0.00%,0.00%, 12873.7, 269.7, 1004791.4, 962231.1, 0.0, 0.0, 7403530.0, 1.000, 0
10, B-SLICE,   11, 23.00,     416968, 0,1.51,40.168, 44.890, 46.227, 41.515,26, 8 6 2 ,13 , 0.00%,  0.00%,  0.00%, 0.00%,  0.00%,  0.00%, 0.00%,  0.00%,  0.00%, 0.00%,  0.00%,  0.00%, 0.00%,  1.28%, 10.74%, 22.16%, 44.29%,  0.00%,  1.02%,  1.56%,  3.44%,  0.56%,  3.80%,  4.11%,  7.03%, 25900.65, 3797.84, 0.00, 128568.03 , 17, 235, 123.92, 58, 145, 110.89, 107, 218, 146.02, 0.00%, 30.36%,0.00%, 44.64%, 25.00%, 0.00%, 0.00%, 0.00%, 0.00%, 0.00%, 30.97%,0.00%, 39.75%, 29.28%, 0.00%, 0.00%, 0.00%, 0.00%, 0.00%, 20.39%,0.00%, 43.56%, 36.05%, 0.00%, 0.00%, 0.00%, 0.00%, 0.00%, 17.83%,0.00%, 40.16%, 42.01%, 0.00%, 0.00%, 0.00%, 0.00%,0.00%, 0.8, 4.6, 1023899.8, 981397.3, 0.0, 0.0, 8428033.9, 1.000, 0
11, b-SLICE,    9, 24.00,     309984, 0,1.49,39.941, 44.832, 46.038, 41.314,29, 8 6 ,11 13 , 0.00%,  0.00%,  0.00%, 0.00%,  0.00%,  0.00%, 0.00%,  0.00%,  0.00%, 0.00%,  0.00%,  0.00%, 0.00%,  1.70%,  9.24%, 21.98%, 42.32%,  0.00%,  0.84%,  1.77%,  3.96%,  1.62%,  3.90%,  4.86%,  7.81%, 27259.27, 3890.27, 0.00, 106888.81 , 17, 235, 124.04, 57, 148, 110.84, 107, 219, 146.56, 0.00%, 48.88%,0.00%, 34.27%, 16.85%, 0.00%, 0.00%, 0.00%, 0.00%, 0.00%, 33.91%,0.00%, 40.45%, 25.63%, 0.00%, 0.00%, 0.00%, 0.00%, 0.00%, 23.17%,0.00%, 39.62%, 37.21%, 0.00%, 0.00%, 0.00%, 0.00%, 0.00%, 20.09%,0.00%, 39.83%, 40.08%, 0.00%, 0.00%, 0.00%, 0.00%,0.00%, 0.8, 3.0, 1024754.1, 974621.4, 0.0, 0.0, 9453392.2, 1.000, 0
12, b-SLICE,   10, 24.00,     299032, 0,1.50,39.930, 44.802, 46.023, 41.301,29, 8 6 ,11 13 , 0.00%,  0.00%,  0.00%, 0.00%,  0.00%,  0.00%, 0.00%,  0.00%,  0.00%, 0.00%,  0.00%,  0.00%, 0.00%,  1.54%, 10.39%, 19.52%, 44.08%,  0.00%,  1.16%,  2.24%,  4.93%,  1.22%,  3.80%,  3.67%,  7.45%, 27347.94, 3904.87, 0.00, 74683.09 , 17, 235, 123.98, 58, 144, 110.90, 108, 217, 146.35, 0.00%, 44.16%,0.00%, 41.56%, 14.29%, 0.00%, 0.00%, 0.00%, 0.00%, 0.00%, 32.32%,0.00%, 43.06%, 24.62%, 0.00%, 0.00%, 0.00%, 0.00%, 0.00%, 23.24%,0.00%, 41.69%, 35.07%, 0.00%, 0.00%, 0.00%, 0.00%, 0.00%, 20.37%,0.00%, 38.94%, 40.68%, 0.00%, 0.00%, 0.00%, 0.00%,0.00%, 0.8, 3.0, 976296.7, 935302.4, 0.0, 0.0, 10429422.1, 1.000, 0
13, b-SLICE,   12, 24.00,     245232, 0,1.53,39.955, 44.846, 46.148, 41.340,28, 11 8 6 ,13 , 0.00%,  0.00%,  0.00%, 0.00%,  0.00%,  0.00%, 0.00%,  0.00%,  0.00%, 0.00%,  0.00%,  0.00%, 0.00%,  1.27%,  8.97%, 19.19%, 41.15%,  0.00%,  1.11%,  1.62%,  3.15%,  2.76%,  5.28%,  6.50%,  9.01%, 27141.68, 3810.62, 0.00, 61016.30 , 17, 235, 123.70, 56, 148, 110.81, 108, 218, 145.74, 0.00%, 68.37%,0.00%, 22.96%, 8.67%, 0.00%, 0.00%, 0.00%, 0.00%, 0.00%, 41.63%,0.00%, 29.99%, 28.38%, 0.00%, 0.00%, 0.00%, 0.00%, 0.00%, 29.74%,0.00%, 35.69%, 34.56%, 0.00%, 0.00%, 0.00%, 0.00%, 0.00%, 20.87%,0.00%, 35.35%, 43.79%, 0.00%, 0.00%, 0.00%, 0.00%,0.00%, 1.0, 3.0, 877995.3, 837482.1, 0.0, 0.0, 11306953.5, 1.000, 0
14, P-SLICE,   17, 22.00,     670848, 0,1.56,40.675, 45.092, 46.553, 41.962,24, 13 11 8 , -, 0.00%,  0.00%,  0.00%, 0.63%,  0.39%,  2.51%, 2.98%,  1.03%,  8.83%, 5.93%,  2.15%, 24.90%, 0.00%,  0.11%,  5.76%, 11.86%, 25.48%,  0.00%,  0.14%,  1.28%,  2.94%,  0.04%,  0.24%,  0.66%,  2.12%, 22812.19, 3618.37, 0.00, 99889.68 , 17, 235, 124.53, 55, 143, 110.51, 108, 217, 144.28, 0.00%, 26.67%,0.00%, 40.00%, 33.33%, 0.00%, 0.00%, 0.00%, 0.00%, 36.54%, 3.95%,0.00%, 39.64%, 19.87%, 0.00%, 0.00%, 0.00%, 0.00%, 48.20%, 7.29%,0.00%, 25.55%, 18.96%, 0.00%, 0.00%, 0.00%, 0.00%, 49.97%, 7.67%,0.00%, 22.48%, 19.88%, 0.00%, 0.00%, 0.00%, 0.00%,0.00%, 11192.7, 252.4, 960168.1, 919280.4, 0.0, 0.0, 12277090.3, 1.000, 0
15, B-SLICE,   15, 23.00,     347464, 0,1.52,40.239, 44.928, 46.315, 41.585,27, 13 11 6 ,17 , 0.00%,  0.00%,  0.00%, 0.00%,  0.00%,  0.00%, 0.00%,  0.00%,  0.00%, 0.00%,  0.00%,  0.00%, 0.00%,  1.10%, 10.40%, 19.81%, 43.35%,  0.00%,  1.05%,  1.40%,  3.04%,  1.00%,  4.95%,  5.52%,  8.38%, 25430.81, 3723.08, 0.00, 85473.14 , 17, 235, 124.10, 55, 146, 110.56, 108, 218, 144.78, 0.00%, 47.54%,0.00%, 30.33%, 22.13%, 0.00%, 0.00%, 0.00%, 0.00%, 0.00%, 36.59%,0.00%, 37.64%, 25.76%, 0.00%, 0.00%, 0.00%, 0.00%, 0.00%, 25.87%,0.00%, 38.71%, 35.42%, 0.00%, 0.00%, 0.00%, 0.00%, 0.00%, 19.38%,0.00%, 37.88%, 42.74%, 0.00%, 0.00%, 0.00%, 0.00%,0.00%, 0.8, 7.2, 965704.2, 924868.4, 0.0, 0.0, 13243385.6, 1.000, 0
16, b-SLICE,   14, 24.00,     216168, 0,1.54,40.026, 44.872, 46.217, 41.406,29, 13 11 ,15 17 , 0.00%,  0.00%,  0.00%, 0.00%,  0.00%,  0.00%, 0.00%,  0.00%,  0.00%, 0.00%,  0.00%,  0.00%, 0.00%,  1.95%,  9.32%, 17.65%, 38.46%,  0.00%,  1.47%,  2.17%,  4.54%,  2.48%,  6.18%,  5.79%,  9.98%, 26700.80, 3765.25, 0.00, 52572.35 , 17, 235, 124.09, 55, 143, 110.59, 108, 217, 145.06, 0.00%, 55.94%,0.00%, 37.62%, 6.44%, 0.00%, 0.00%, 0.00%, 0.00%, 0.00%, 45.09%,0.00%, 33.46%, 21.45%, 0.00%, 0.00%, 0.00%, 0.00%, 0.00%, 31.08%,0.00%, 35.27%, 33.65%, 0.00%, 0.00%, 0.00%, 0.00%, 0.00%, 24.92%,0.00%, 37.69%, 37.39%, 0.00%, 0.00%, 0.00%, 0.00%,0.00%, 0.9, 9.0, 889679.1, 848317.5, 0.0, 0.0, 14133375.0, 1.000, 0
17, b-SLICE,   16, 24.00,     212152, 0,1.56,40.029, 44.865, 46.216, 41.407,28, 15 13 11 ,17 , 0.00%,  0.00%,  0.00%, 0.00%,  0.00%,  0.00%, 0.00%,  0.00%,  0.00%, 0.00%,  0.00%,  0.00%, 0.00%,  1.50%,  9.92%, 17.20%, 36.75%,  0.00%,  1.04%,  2.33%,  3.78%,  2.63%,  6.59%,  7.48%, 10.78%, 26669.82, 3766.40, 0.00, 52148.19 , 17, 235, 124.29, 54, 144, 110.56, 108, 216, 144.53, 0.00%, 63.68%,0.00%, 27.37%, 8.95%, 0.00%, 0.00%, 0.00%, 0.00%, 0.00%, 43.49%,0.00%, 32.22%, 24.29%, 0.00%, 0.00%, 0.00%, 0.00%, 0.00%, 36.31%,0.00%, 32.69%, 31.00%, 0.00%, 0.00%, 0.00%, 0.00%, 0.00%, 25.77%,0.00%, 34.04%, 40.19%, 0.00%, 0.00%, 0.00%, 0.00%,0.00%, 0.9, 2.6, 893843.2, 853842.6, 0.0, 0.0, 15026627.7, 1.000, 0
18, P-SLICE,   21, 22.00,     671576, 0,1.56,40.647, 44.957, 46.456, 41.912,24, 17 15 13 , -, 0.00%,  0.00%,  0.00%, 0.55%,  0.30%,  2.05%, 2.91%,  0.82%,  8.45%, 6.13%,  2.32%, 25.35%, 0.00%,  0.14%,  5.23%, 13.63%, 25.10%,  0.00%,  0.21%,  1.05%,  2.43%,  0.02%,  0.37%,  1.08%,  1.86%, 22975.70, 3729.80, 0.00, 109198.39 , 17, 235, 124.16, 55, 144, 110.59, 108, 216, 144.01, 0.00%, 12.50%,0.00%, 62.50%, 25.00%, 0.00%, 0.00%, 0.00%, 0.00%, 33.33%, 6.67%,0.00%, 35.86%, 24.14%, 0.00%, 0.00%, 0.00%, 0.00%, 43.58%, 7.64%,0.00%, 25.29%, 23.49%, 0.00%, 0.00%, 0.00%, 0.00%, 51.53%, 6.54%,0.00%, 22.69%, 19.24%, 0.00%, 0.00%, 0.00%, 0.00%,0.00%, 9416.9, 5.1, 946575.3, 911510.2, 0.0, 0.0, 15981365.7, 1.000, 0
19, B-SLICE,   19, 23.00,     348440, 0,1.57,40.257, 44.854, 46.277, 41.584,27, 17 15 11 ,21 , 0.00%,  0.00%,  0.00%, 0.00%,  0.00%,  0.00%, 0.00%,  0.00%,  0.00%, 0.00%,  0.00%,  0.00%, 0.00%,  1.31%,  9.70%, 18.69%, 45.98%,  0.00%,  1.01%,  2.10%,  3.86%,  0.84%,  4.71%,  4.88%,  6.93%, 25343.58, 3783.60, 0.00, 94682.18 , 17, 235, 124.38, 55, 146, 110.53, 109, 216, 144.07, 0.00%, 39.06%,0.00%, 40.62%, 20.31%, 0.00%, 0.00%, 0.00%, 0.00%, 0.00%, 37.11%,0.00%, 40.04%, 22.85%, 0.00%, 0.00%, 0.00%, 0.00%, 0.00%, 27.19%,0.00%, 40.59%, 32.22%, 0.00%, 0.00%, 0.00%, 0.00%, 0.00%, 17.74%,0.00%, 39.07%, 43.18%, 0.00%, 0.00%, 0.00%, 0.00%,0.00%, 0.8, 3.9, 965242.8, 924805.5, 0.0, 0.0, 16947134.2, 1.000, 0
20, b-SLICE,   18, 24.00,     202288, 0,1.57,40.047, 44.819, 46.201, 41.413,29, 17 15 ,19 21 , 0.00%,  0.00%,  0.00%, 0.00%,  0.00%,  0.00%, 0.00%,  0.00%,  0.00%, 0.00%,  0.00%,  0.00%, 0.00%,  1.81%,  8.59%, 18.55%, 36.83%,  0.00%,  1.59%,  2.12%,  3.83%,  2.18%,  5.17%,  7.78%, 11.55%, 26546.43, 3800.17, 0.00, 46678.94 , 17, 235, 124.50, 56, 146, 110.47, 109, 217, 144.18, 0.00%, 54.64%,0.00%, 31.96%, 13.40%, 0.00%, 0.00%, 0.00%, 0.00%, 0.00%, 44.03%,0.00%, 34.09%, 21.88%, 0.00%, 0.00%, 0.00%, 0.00%, 0.00%, 34.80%,0.00%, 33.79%, 31.40%, 0.00%, 0.00%, 0.00%, 0.00%, 0.00%, 26.91%,0.00%, 37.61%, 35.48%, 0.00%, 0.00%, 0.00%, 0.00%,0.00%, 0.8, 2.4, 864851.3, 831037.2, 0.0, 0.0, 17812287.1, 1.000, 0
21, b-SLICE,   20, 24.00,     210448, 0,1.56,40.035, 44.771, 46.129, 41.388,28, 19 17 15 ,21 , 0.00%,  0.00%,  0.00%, 0.00%,  0.00%,  0.00%, 0.00%,  0.00%,  0.00%, 0.00%,  0.00%,  0.00%, 0.00%,  1.36%,  8.14%, 16.83%, 39.23%,  0.00%,  1.12%,  2.25%,  4.15%,  2.57%,  5.52%,  7.74%, 11.09%, 26651.06, 3849.62, 0.00, 52582.48 , 17, 235, 124.28, 55, 145, 110.56, 108, 215, 144.02, 0.00%, 65.31%,0.00%, 28.57%, 6.12%, 0.00%, 0.00%, 0.00%, 0.00%, 0.00%, 44.91%,0.00%, 35.01%, 20.08%, 0.00%, 0.00%, 0.00%, 0.00%, 0.00%, 37.25%,0.00%, 35.30%, 27.45%, 0.00%, 0.00%, 0.00%, 0.00%, 0.00%, 25.71%,0.00%, 36.87%, 37.42%, 0.00%, 0.00%, 0.00%, 0.00%,0.00%, 0.9, 2.4, 850215.8, 810563.3, 0.0, 0.0, 18661913.9, 1.000, 0
22, P-SLICE,   25, 22.00,     731512, 0,1.53,40.630, 44.886, 46.300, 41.871,24, 21 19 17 , -, 0.00%,  0.00%,  0.00%, 0.59%,  0.48%,  2.42%, 2.53%,  0.84%,  9.58%, 6.25%,  2.39%, 27.47%, 0.00%,  0.11%,  5.61%, 11.75%, 23.88%,  0.00%,  0.19%,  0.69%,  2.48%,  0.01%,  0.33%,  0.79%,  1.61%, 23026.46, 3828.56, 0.00, 121312.02 , 17, 235, 123.68, 45, 150, 110.80, 105, 212, 143.48, 0.00%, 8.33%,0.00%, 66.67%, 25.00%, 0.00%, 0.00%, 0.00%, 0.00%, 36.27%, 5.41%,0.00%, 32.45%, 25.87%, 0.00%, 0.00%, 0.00%, 0.00%, 49.45%, 5.65%,0.00%, 24.82%, 20.07%, 0.00%, 0.00%, 0.00%, 0.00%, 54.28%, 6.15%,0.00%, 21.43%, 18.14%, 0.00%, 0.00%, 0.00%, 0.00%,0.00%, 9201.6, 3.0, 914164.5, 878184.8, 0.0, 0.0, 19584088.5, 1.000, 0
23, B-SLICE,   23, 23.00,     373568, 0,1.53,40.214, 44.746, 46.126, 41.520,27, 21 19 15 ,25 , 0.00%,  0.00%,  0.00%, 0.00%,  0.00%,  0.00%, 0.00%,  0.00%,  0.00%, 0.00%,  0.00%,  0.00%, 0.00%,  0.91%,  8.83%, 19.65%, 45.09%,  0.00%,  1.07%,  1.80%,  3.78%,  1.00%,  4.51%,  5.13%,  8.24%, 25615.56, 3901.95, 0.00, 102072.58 , 17, 235, 124.00, 52, 147, 110.69, 106, 213, 143.82, 0.00%, 52.50%,0.00%, 33.33%, 14.17%, 0.00%, 0.00%, 0.00%, 0.00%, 0.00%, 38.72%,0.00%, 33.19%, 28.10%, 0.00%, 0.00%, 0.00%, 0.00%, 0.00%, 26.08%,0.00%, 39.81%, 34.11%, 0.00%, 0.00%, 0.00%, 0.00%, 0.00%, 19.72%,0.00%, 37.55%, 42.73%, 0.00%, 0.00%, 0.00%, 0.00%,0.00%, 0.6, 2.4, 907678.6, 870253.6, 0.0, 0.0, 20492370.5, 1.000, 0
24, b-SLICE,   22, 24.00,     215648, 0,1.56,40.026, 44.708, 46.042, 41.364,29, 21 19 ,23 25 , 0.00%,  0.00%,  0.00%, 0.00%,  0.00%,  0.00%, 0.00%,  0.00%,  0.00%, 0.00%,  0.00%,  0.00%, 0.00%,  1.27%,  7.96%, 19.85%, 36.53%,  0.00%,  1.17%,  2.75%,  4.76%,  2.30%,  5.46%,  6.85%, 11.09%, 26695.24, 3913.45, 0.00, 52808.95 , 17, 235, 124.11, 53, 149, 110.65, 107, 214, 143.93, 0.00%, 64.48%,0.00%, 29.51%, 6.01%, 0.00%, 0.00%, 0.00%, 0.00%, 0.00%, 45.45%,0.00%, 32.89%, 21.66%, 0.00%, 0.00%, 0.00%, 0.00%, 0.00%, 32.60%,0.00%, 37.64%, 29.75%, 0.00%, 0.00%, 0.00%, 0.00%, 0.00%, 27.77%,0.00%, 36.63%, 35.60%, 0.00%, 0.00%, 0.00%, 0.00%,0.00%, 0.9, 3.0, 885075.1, 849502.0, 0.0, 0.0, 21377673.8, 1.000, 0
25, b-SLICE,   24, 24.00,     237632, 0,1.52,39.962, 44.639, 45.937, 41.294,28, 23 21 19 ,25 , 0.00%,  0.00%,  0.00%, 0.00%,  0.00%,  0.00%, 0.00%,  0.00%,  0.00%, 0.00%,  0.00%,  0.00%, 0.00%,  1.29%,  8.06%, 16.91%, 40.88%,  0.00%,  0.92%,  2.39%,  4.52%,  2.90%,  5.69%,  6.87%,  9.57%, 27121.14, 3992.25, 0.00, 67018.25 , 17, 235, 123.86, 51, 146, 110.74, 106, 212, 143.66, 0.00%, 69.27%,0.00%, 24.39%, 6.34%, 0.00%, 0.00%, 0.00%, 0.00%, 0.00%, 45.05%,0.00%, 30.40%, 24.55%, 0.00%, 0.00%, 0.00%, 0.00%, 0.00%, 35.39%,0.00%, 37.11%, 27.50%, 0.00%, 0.00%, 0.00%, 0.00%, 0.00%, 23.53%,0.00%, 38.87%, 37.60%, 0.00%, 0.00%, 0.00%, 0.00%,0.00%, 0.8, 3.0, 826340.8, 792192.5, 0.0, 0.0, 22203497.3, 1.000, 0
26, P-SLICE,   30, 22.00,     803528, 0,1.57,40.587, 44.748, 46.191, 41.808,23, 25 23 21 , -, 0.00%,  0.00%,  0.00%, 0.68%,  0.42%,  2.90%, 2.40%,  0.95%,  9.78%, 6.25%,  2.38%, 33.50%, 0.00%,  0.16%,  4.36%, 10.89%, 20.05%,  0.00%,  0.14%,  0.78%,  2.22%,  0.00%,  0.16%,  0.59%,  1.41%, 23239.07, 3938.51, 0.00, 128553.45 , 17, 235, 122.38, 48, 148, 110.85, 106, 213, 143.27, 0.00%, 0.00%,0.00%, 50.00%, 50.00%, 0.00%, 0.00%, 0.00%, 0.00%, 46.28%, 3.38%,0.00%, 28.94%, 21.40%, 0.00%, 0.00%, 0.00%, 0.00%, 51.69%, 5.41%,0.00%, 21.89%, 21.01%, 0.00%, 0.00%, 0.00%, 0.00%, 61.81%, 5.33%,0.00%, 17.49%, 15.36%, 0.00%, 0.00%, 0.00%, 0.00%,0.00%, 12730.0, 171.0, 951444.0, 909851.5, 0.0, 0.0, 22004560.5, 1.000, 0
27, B-SLICE,   28, 23.00,     482320, 0,1.58,40.116, 44.569, 45.843, 41.389,26, 25 23 19 ,30 , 0.00%,  0.00%,  0.00%, 0.00%,  0.00%,  0.00%, 0.00%,  0.00%,  0.00%, 0.00%,  0.00%,  0.00%, 0.00%,  1.02%,  9.79%, 19.80%, 49.20%,  0.00%,  0.98%,  1.91%,  3.88%,  0.39%,  2.57%,  3.78%,  6.70%, 26210.62, 4118.72, 0.00, 135996.22 , 17, 235, 122.78, 43, 148, 110.85, 107, 213, 143.43, 0.00%, 27.55%,0.00%, 39.80%, 32.65%, 0.00%, 0.00%, 0.00%, 0.00%, 0.00%, 26.59%,0.00%, 39.72%, 33.69%, 0.00%, 0.00%, 0.00%, 0.00%, 0.00%, 22.31%,0.00%, 43.77%, 33.92%, 0.00%, 0.00%, 0.00%, 0.00%, 0.00%, 16.73%,0.00%, 41.76%, 41.51%, 0.00%, 0.00%, 0.00%, 0.00%,0.00%, 0.9, 2.9, 1058301.6, 1012967.4, 0.0, 0.0, 24096910.1, 1.000, 0
28, b-SLICE,   26, 24.00,     301544, 0,1.55,39.955, 44.557, 45.845, 41.267,29, 25 23 ,28 30 , 0.00%,  0.00%,  0.00%, 0.00%,  0.00%,  0.00%, 0.00%,  0.00%,  0.00%, 0.00%,  0.00%,  0.00%, 0.00%,  1.76%,  8.82%, 20.63%, 42.57%,  0.00%,  0.94%,  1.97%,  4.36%,  0.89%,  4.43%,  5.72%,  7.93%, 27177.73, 4083.31, 0.00, 81631.02 , 17, 235, 123.29, 50, 155, 110.85, 106, 212, 143.44, 0.00%, 33.55%,0.00%, 39.47%, 26.97%, 0.00%, 0.00%, 0.00%, 0.00%, 0.00%, 37.84%,0.00%, 33.66%, 28.50%, 0.00%, 0.00%, 0.00%, 0.00%, 0.00%, 27.14%,0.00%, 41.42%, 31.45%, 0.00%, 0.00%, 0.00%, 0.00%, 0.00%, 20.81%,0.00%, 41.03%, 38.16%, 0.00%, 0.00%, 0.00%, 0.00%,0.00%, 0.8, 3.1, 1036804.1, 1002064.6, 0.0, 0.0, 25262362.7, 1.000, 0
29, b-SLICE,   27, 24.00,     313656, 0,1.56,39.919, 44.493, 45.729, 41.217,29, 25 23 ,28 30 , 0.00%,  0.00%,  0.00%, 0.00%,  0.00%,  0.00%, 0.00%,  0.00%,  0.00%, 0.00%,  0.00%,  0.00%, 0.00%,  1.39%, 10.05%, 19.17%, 43.78%,  0.00%,  0.95%,  2.57%,  5.84%,  0.90%,  2.88%,  4.19%,  8.27%, 27427.68, 4183.43, 0.00, 74281.86 , 17, 235, 122.99, 43, 153, 110.86, 106, 213, 143.47, 0.00%, 39.29%,0.00%, 40.71%, 20.00%, 0.00%, 0.00%, 0.00%, 0.00%, 0.00%, 27.59%,0.00%, 43.63%, 28.77%, 0.00%, 0.00%, 0.00%, 0.00%, 0.00%, 26.07%,0.00%, 40.03%, 33.90%, 0.00%, 0.00%, 0.00%, 0.00%, 0.00%, 22.83%,0.00%, 39.67%, 37.50%, 0.00%, 0.00%, 0.00%, 0.00%,0.00%, 0.8, 2.3, 949015.0, 911192.5, 0.0, 0.0, 26207827.2, 1.000, 0
30, b-SLICE,   29, 24.00,     273968, 0,1.57,39.878, 44.490, 45.745, 41.188,28, 28 25 23 ,30 , 0.00%,  0.00%,  0.00%, 0.00%,  0.00%,  0.00%, 0.00%,  0.00%,  0.00%, 0.00%,  0.00%,  0.00%, 0.00%,  1.25%,  7.95%, 16.83%, 42.37%,  0.00%,  0.77%,  2.29%,  3.72%,  1.68%,  5.66%,  7.06%, 10.43%, 27640.94, 4154.06, 0.00, 67046.23 , 17, 235, 122.55, 43, 152, 110.82, 105, 213, 143.39, 0.00%, 57.32%,0.00%, 26.83%, 15.85%, 0.00%, 0.00%, 0.00%, 0.00%, 0.00%, 44.72%,0.00%, 31.43%, 23.85%, 0.00%, 0.00%, 0.00%, 0.00%, 0.00%, 35.70%,0.00%, 35.36%, 28.94%, 0.00%, 0.00%, 0.00%, 0.00%, 0.00%, 23.27%,0.00%, 37.57%, 39.16%, 0.00%, 0.00%, 0.00%, 0.00%,0.00%, 0.5, 2.9, 896791.8, 861893.4, 0.0, 0.0, 26583655.8, 1.000, 0
31, P-SLICE,   34, 22.00,     806600, 0,1.53,40.506, 44.653, 46.070, 41.720,24, 30 28 25 , -, 0.00%,  0.00%,  0.00%, 0.67%,  0.33%,  2.22%, 2.54%,  0.91%,  9.96%, 6.59%,  2.47%, 31.33%, 0.00%,  0.13%,  4.58%, 11.01%, 21.21%,  0.00%,  0.21%,  0.79%,  2.21%,  0.00%,  0.21%,  0.75%,  1.88%, 23694.57, 4036.24, 0.00, 153834.78 , 17, 235, 120.79, 46, 149, 111.29, 105, 227, 143.29, 0.00%, 0.00%,0.00%, 42.86%, 57.14%, 0.00%, 0.00%, 0.00%, 0.00%, 39.19%, 5.12%,0.00%, 33.26%, 22.44%, 0.00%, 0.00%, 0.00%, 0.00%, 51.67%, 5.93%,0.00%, 21.27%, 21.13%, 0.00%, 0.00%, 0.00%, 0.00%, 59.42%, 6.01%,0.00%, 18.62%, 15.95%, 0.00%, 0.00%, 0.00%, 0.00%,0.00%, 10609.0, 189.6, 943416.8, 904590.7, 0.0, 0.0, 23547463.2, 1.000, 0
32, B-SLICE,   32, 23.00,     451136, 0,1.55,40.077, 44.490, 45.838, 41.349,27, 30 28 23 ,34 , 0.00%,  0.00%,  0.00%, 0.00%,  0.00%,  0.00%, 0.00%,  0.00%,  0.00%, 0.00%,  0.00%,  0.00%, 0.00%,  0.69%,  8.78%, 18.77%, 49.30%,  0.00%,  1.03%,  1.57%,  3.20%,  0.67%,  3.69%,  4.76%,  7.53%, 26455.06, 4151.54, 0.00, 108449.71 , 17, 235, 121.64, 49, 149, 110.97, 103, 220, 143.20, 0.00%, 49.47%,0.00%, 26.32%, 24.21%, 0.00%, 0.00%, 0.00%, 0.00%, 0.00%, 34.96%,0.00%, 36.02%, 29.03%, 0.00%, 0.00%, 0.00%, 0.00%, 0.00%, 25.24%,0.00%, 40.00%, 34.76%, 0.00%, 0.00%, 0.00%, 0.00%, 0.00%, 16.91%,0.00%, 41.34%, 41.75%, 0.00%, 0.00%, 0.00%, 0.00%,0.00%, 0.8, 2.4, 1041037.4, 997376.0, 0.0, 0.0, 26462519.6, 1.000, 0
33, b-SLICE,   31, 24.00,     258048, 0,1.57,39.878, 44.486, 45.788, 41.193,29, 30 28 ,32 34 , 0.00%,  0.00%,  0.00%, 0.00%,  0.00%,  0.00%, 0.00%,  0.00%,  0.00%, 0.00%,  0.00%,  0.00%, 0.00%,  1.36%,  7.23%, 16.39%, 42.33%,  0.00%,  0.88%,  1.69%,  3.67%,  1.64%,  5.65%,  7.34%, 11.81%, 27645.90, 4135.26, 0.00, 62998.22 , 17, 235, 122.09, 46, 151, 110.93, 106, 227, 143.20, 0.00%, 54.71%,0.00%, 37.06%, 8.24%, 0.00%, 0.00%, 0.00%, 0.00%, 0.00%, 47.44%,0.00%, 33.97%, 18.59%, 0.00%, 0.00%, 0.00%, 0.00%, 0.00%, 35.53%,0.00%, 34.35%, 30.12%, 0.00%, 0.00%, 0.00%, 0.00%, 0.00%, 24.94%,0.00%, 39.11%, 35.95%, 0.00%, 0.00%, 0.00%, 0.00%,0.00%, 0.5, 3.0, 883157.5, 850848.0, 0.0, 0.0, 28082278.6, 1.000, 0
34, b-SLICE,   33, 24.00,     290656, 0,1.56,39.819, 44.395, 45.652, 41.120,28, 32 30 28 ,34 , 0.00%,  0.00%,  0.00%, 0.00%,  0.00%,  0.00%, 0.00%,  0.00%,  0.00%, 0.00%,  0.00%,  0.00%, 0.00%,  0.87%,  6.33%, 19.10%, 43.56%,  0.00%,  0.84%,  1.59%,  3.94%,  2.07%,  5.84%,  7.34%,  8.54%, 28049.76, 4247.96, 0.00, 68510.03 , 17, 235, 121.18, 42, 159, 111.11, 106, 214, 143.23, 0.00%, 70.41%,0.00%, 17.75%, 11.83%, 0.00%, 0.00%, 0.00%, 0.00%, 0.00%, 51.34%,0.00%, 28.95%, 19.71%, 0.00%, 0.00%, 0.00%, 0.00%, 0.00%, 31.84%,0.00%, 36.82%, 31.34%, 0.00%, 0.00%, 0.00%, 0.00%, 0.00%, 20.72%,0.00%, 40.22%, 39.06%, 0.00%, 0.00%, 0.00%, 0.00%,0.00%, 0.5, 3.3, 879374.4, 843085.0, 0.0, 0.0, 27342119.4, 1.000, 0
35, P-SLICE,   38, 22.00,     873032, 0,1.57,40.484, 44.497, 45.971, 41.671,24, 34 32 30 , -, 0.00%,  0.00%,  0.00%, 0.52%,  0.26%,  2.63%, 2.72%,  1.15%, 11.14%, 7.46%,  2.61%, 34.79%, 0.00%,  0.21%,  4.17%,  9.09%, 18.61%,  0.00%,  0.02%,  0.60%,  2.18%,  0.01%,  0.11%,  0.58%,  1.13%, 23794.98, 4155.86, 0.00, 143626.75 , 17, 235, 119.91, 52, 165, 111.26, 103, 226, 143.89, 0.00%, 4.35%,0.00%, 34.78%, 60.87%, 0.00%, 0.00%, 0.00%, 0.00%, 44.20%, 1.71%,0.00%, 29.06%, 25.03%, 0.00%, 0.00%, 0.00%, 0.00%, 59.35%, 4.69%,0.00%, 19.08%, 16.88%, 0.00%, 0.00%, 0.00%, 0.00%, 64.98%, 4.79%,0.00%, 17.02%, 13.21%, 0.00%, 0.00%, 0.00%, 0.00%,0.00%, 12394.7, 294.3, 966836.8, 923055.8, 0.0, 0.0, 23421637.0, 1.000, 0
36, B-SLICE,   36, 23.00,     499144, 0,1.52,40.038, 44.386, 45.713, 41.291,27, 34 32 28 ,38 , 0.00%,  0.00%,  0.00%, 0.00%,  0.00%,  0.00%, 0.00%,  0.00%,  0.00%, 0.00%,  0.00%,  0.00%, 0.00%,  0.69%,  8.39%, 19.61%, 51.29%,  0.00%,  0.77%,  1.70%,  2.88%,  0.45%,  2.90%,  4.28%,  7.04%, 26685.34, 4266.64, 0.00, 118694.08 , 17, 235, 120.23, 49, 159, 111.33, 105, 219, 143.56, 0.00%, 39.53%,0.00%, 39.53%, 20.93%, 0.00%, 0.00%, 0.00%, 0.00%, 0.00%, 30.44%,0.00%, 38.68%, 30.88%, 0.00%, 0.00%, 0.00%, 0.00%, 0.00%, 23.37%,0.00%, 41.97%, 34.66%, 0.00%, 0.00%, 0.00%, 0.00%, 0.00%, 15.40%,0.00%, 41.85%, 42.75%, 0.00%, 0.00%, 0.00%, 0.00%,0.00%, 0.8, 6.1, 1005376.6, 966031.0, 0.0, 0.0, 26455992.5, 1.000, 0
37, b-SLICE,   35, 24.00,     308704, 0,1.54,39.803, 44.323, 45.572, 41.089,29, 34 32 ,36 38 , 0.00%,  0.00%,  0.00%, 0.00%,  0.00%,  0.00%, 0.00%,  0.00%,  0.00%, 0.00%,  0.00%,  0.00%, 0.00%,  1.06%,  8.34%, 16.59%, 46.41%,  0.00%,  1.23%,  2.10%,  4.42%,  1.55%,  4.77%,  5.64%,  7.89%, 28138.82, 4320.57, 0.00, 70600.08 , 17, 235, 120.44, 47, 148, 111.31, 105, 219, 143.40, 0.00%, 59.48%,0.00%, 34.64%, 5.88%, 0.00%, 0.00%, 0.00%, 0.00%, 0.00%, 41.85%,0.00%, 37.93%, 20.21%, 0.00%, 0.00%, 0.00%, 0.00%, 0.00%, 31.81%,0.00%, 40.22%, 27.96%, 0.00%, 0.00%, 0.00%, 0.00%, 0.00%, 19.60%,0.00%, 42.43%, 37.98%, 0.00%, 0.00%, 0.00%, 0.00%,0.00%, 0.8, 3.2, 895311.3, 857592.9, 0.0, 0.0, 28304882.8, 1.000, 0
38, b-SLICE,   37, 24.00,     304048, 0,1.54,39.744, 44.294, 45.585, 41.043,28, 36 34 32 ,38 , 0.00%,  0.00%,  0.00%, 0.00%,  0.00%,  0.00%, 0.00%,  0.00%,  0.00%, 0.00%,  0.00%,  0.00%, 0.00%,  1.04%,  7.69%, 16.99%, 44.95%,  0.00%,  1.50%,  2.07%,  4.95%,  1.63%,  4.83%,  5.14%,  9.22%, 28540.33, 4328.84, 0.00, 63777.87 , 17, 235, 120.07, 48, 173, 111.29, 106, 220, 143.72, 0.00%, 61.15%,0.00%, 28.03%, 10.83%, 0.00%, 0.00%, 0.00%, 0.00%, 0.00%, 45.15%,0.00%, 34.47%, 20.39%, 0.00%, 0.00%, 0.00%, 0.00%, 0.00%, 29.80%,0.00%, 41.32%, 28.88%, 0.00%, 0.00%, 0.00%, 0.00%, 0.00%, 22.42%,0.00%, 40.18%, 37.41%, 0.00%, 0.00%, 0.00%, 0.00%,0.00%, 0.8, 6.5, 851715.4, 814209.8, 0.0, 0.0, 27197969.1, 1.000, 0
39, P-SLICE,   42, 22.00,     918088, 0,1.58,40.421, 44.446, 45.878, 41.606,24, 38 36 34 , -, 0.00%,  0.00%,  0.00%, 0.66%,  0.41%,  2.54%, 2.53%,  1.02%, 10.49%, 6.27%,  2.58%, 34.78%, 0.00%,  0.14%,  3.67%,  9.65%, 20.70%,  0.00%,  0.05%,  0.47%,  1.88%,  0.00%,  0.14%,  0.59%,  1.44%, 24156.55, 4232.91, 0.00, 160507.49 , 17, 235, 119.87, 53, 156, 111.27, 104, 219, 144.43, 0.00%, 0.00%,0.00%, 60.00%, 40.00%, 0.00%, 0.00%, 0.00%, 0.00%, 48.41%, 2.44%,0.00%, 26.34%, 22.80%, 0.00%, 0.00%, 0.00%, 0.00%, 56.71%, 4.30%,0.00%, 19.33%, 19.66%, 0.00%, 0.00%, 0.00%, 0.00%, 62.48%, 4.76%,0.00%, 16.39%, 16.38%, 0.00%, 0.00%, 0.00%, 0.00%,0.00%, 9293.2, 3.1, 900663.6, 864703.8, 0.0, 0.0, 23233191.8, 1.000, 0
40, B-SLICE,   40, 23.00,     506624, 0,1.58,39.950, 44.281, 45.599, 41.197,27, 38 36 32 ,42 , 0.00%,  0.00%,  0.00%, 0.00%,  0.00%,  0.00%, 0.00%,  0.00%,  0.00%, 0.00%,  0.00%,  0.00%, 0.00%,  0.62%,  8.59%, 19.94%, 50.32%,  0.00%,  0.82%,  1.77%,  3.13%,  0.48%,  3.15%,  4.22%,  6.95%, 27235.92, 4375.68, 0.00, 121278.49 , 17, 235, 119.95, 52, 159, 111.21, 103, 218, 144.09, 0.00%, 43.90%,0.00%, 36.59%, 19.51%, 0.00%, 0.00%, 0.00%, 0.00%, 0.00%, 31.58%,0.00%, 35.33%, 33.08%, 0.00%, 0.00%, 0.00%, 0.00%, 0.00%, 23.12%,0.00%, 42.56%, 34.32%, 0.00%, 0.00%, 0.00%, 0.00%, 0.00%, 15.85%,0.00%, 41.67%, 42.48%, 0.00%, 0.00%, 0.00%, 0.00%,0.00%, 0.8, 3.2, 1004947.8, 963487.4, 0.0, 0.0, 26087892.2, 1.000, 0
41, b-SLICE,   39, 24.00,     298904, 0,1.59,39.716, 44.234, 45.576, 41.013,29, 38 36 ,40 42 , 0.00%,  0.00%,  0.00%, 0.00%,  0.00%,  0.00%, 0.00%,  0.00%,  0.00%, 0.00%,  0.00%,  0.00%, 0.00%,  1.03%,  6.52%, 16.26%, 48.50%,  0.00%,  1.10%,  1.49%,  3.54%,  1.51%,  4.74%,  5.42%,  9.89%, 28711.98, 4369.41, 0.00, 54688.21 , 17, 235, 119.96, 52, 161, 111.17, 106, 219, 143.97, 0.00%, 59.38%,0.00%, 31.88%, 8.75%, 0.00%, 0.00%, 0.00%, 0.00%, 0.00%, 47.23%,0.00%, 33.98%, 18.79%, 0.00%, 0.00%, 0.00%, 0.00%, 0.00%, 29.84%,0.00%, 41.56%, 28.60%, 0.00%, 0.00%, 0.00%, 0.00%, 0.00%, 20.43%,0.00%, 41.20%, 38.37%, 0.00%, 0.00%, 0.00%, 0.00%,0.00%, 0.8, 3.0, 885762.4, 845124.9, 0.0, 0.0, 27949992.2, 1.000, 0
42, b-SLICE,   41, 24.00,     318776, 0,1.56,39.659, 44.211, 45.460, 40.953,28, 40 38 36 ,42 , 0.00%,  0.00%,  0.00%, 0.00%,  0.00%,  0.00%, 0.00%,  0.00%,  0.00%, 0.00%,  0.00%,  0.00%, 0.00%,  0.91%,  7.99%, 16.81%, 47.00%,  0.00%,  1.32%,  2.06%,  4.07%,  1.34%,  4.15%,  5.52%,  8.84%, 29098.76, 4430.65, 0.00, 61298.47 , 17, 235, 120.01, 53, 163, 111.25, 105, 219, 144.20, 0.00%, 59.57%,0.00%, 27.66%, 12.77%, 0.00%, 0.00%, 0.00%, 0.00%, 0.00%, 40.64%,0.00%, 34.60%, 24.76%, 0.00%, 0.00%, 0.00%, 0.00%, 0.00%, 31.07%,0.00%, 39.18%, 29.76%, 0.00%, 0.00%, 0.00%, 0.00%, 0.00%, 20.25%,0.00%, 40.17%, 39.59%, 0.00%, 0.00%, 0.00%, 0.00%,0.00%, 0.5, 2.4, 893926.6, 859552.1, 0.0, 0.0, 26978269.2, 1.000, 0
43, P-SLICE,   46, 22.00,    1056376, 0,1.61,40.354, 44.257, 45.547, 41.491,24, 42 40 38 , -, 0.00%,  0.00%,  0.00%, 0.52%,  0.38%,  2.05%, 2.38%,  1.01%,  9.52%, 7.40%,  2.97%, 35.47%, 0.00%,  0.12%,  3.53%,  9.01%, 21.89%,  0.00%,  0.03%,  0.33%,  1.89%,  0.00%,  0.08%,  0.27%,  1.14%, 24518.23, 4462.44, 0.00, 178905.58 , 17, 235, 118.99, 51, 163, 111.79, 104, 226, 145.50, 0.00%, 0.00%,0.00%, 57.14%, 42.86%, 0.00%, 0.00%, 0.00%, 0.00%, 44.74%, 1.67%,0.00%, 25.77%, 27.82%, 0.00%, 0.00%, 0.00%, 0.00%, 57.32%, 2.67%,0.00%, 19.44%, 20.57%, 0.00%, 0.00%, 0.00%, 0.00%, 62.98%, 4.16%,0.00%, 15.95%, 16.91%, 0.00%, 0.00%, 0.00%, 0.00%,0.00%, 11571.0, 182.6, 945732.1, 904841.6, 0.0, 0.0, 23269956.9, 1.000, 0
44, B-SLICE,   44, 23.00,     592328, 0,1.61,39.849, 44.102, 45.334, 41.067,27, 42 40 36 ,46 , 0.00%,  0.00%,  0.00%, 0.00%,  0.00%,  0.00%, 0.00%,  0.00%,  0.00%, 0.00%,  0.00%,  0.00%, 0.00%,  0.63%,  7.60%, 18.17%, 54.11%,  0.00%,  0.53%,  1.43%,  3.64%,  0.29%,  2.66%,  3.98%,  6.96%, 27836.25, 4603.74, 0.00, 130134.80 , 17, 235, 119.48, 52, 163, 111.42, 104, 219, 145.02, 0.00%, 31.58%,0.00%, 34.21%, 34.21%, 0.00%, 0.00%, 0.00%, 0.00%, 0.00%, 29.58%,0.00%, 34.71%, 35.71%, 0.00%, 0.00%, 0.00%, 0.00%, 0.00%, 22.94%,0.00%, 38.63%, 38.43%, 0.00%, 0.00%, 0.00%, 0.00%, 0.00%, 15.68%,0.00%, 40.22%, 44.10%, 0.00%, 0.00%, 0.00%, 0.00%,0.00%, 0.8, 3.0, 1038802.4, 998884.1, 0.0, 0.0, 26158864.0, 1.000, 0
45, b-SLICE,   43, 24.00,     342928, 0,1.58,39.606, 44.113, 45.324, 40.884,29, 42 40 ,44 46 , 0.00%,  0.00%,  0.00%, 0.00%,  0.00%,  0.00%, 0.00%,  0.00%,  0.00%, 0.00%,  0.00%,  0.00%, 0.00%,  1.15%,  7.47%, 17.03%, 48.91%,  0.00%,  1.47%,  1.98%,  3.99%,  0.79%,  3.87%,  4.63%,  8.70%, 29420.74, 4545.99, 0.00, 64185.28 , 17, 235, 119.69, 48, 161, 111.33, 101, 219, 144.74, 0.00%, 40.77%,0.00%, 42.31%, 16.92%, 0.00%, 0.00%, 0.00%, 0.00%, 0.00%, 41.69%,0.00%, 35.60%, 22.72%, 0.00%, 0.00%, 0.00%, 0.00%, 0.00%, 27.96%,0.00%, 41.41%, 30.63%, 0.00%, 0.00%, 0.00%, 0.00%, 0.00%, 19.46%,0.00%, 40.25%, 40.29%, 0.00%, 0.00%, 0.00%, 0.00%,0.00%, 0.8, 2.4, 933571.1, 894122.6, 0.0, 0.0, 27982123.9, 1.000, 0
46, b-SLICE,   45, 24.00,     389840, 0,1.62,39.489, 44.025, 45.174, 40.766,28, 44 42 40 ,46 , 0.00%,  0.00%,  0.00%, 0.00%,  0.00%,  0.00%, 0.00%,  0.00%,  0.00%, 0.00%,  0.00%,  0.00%, 0.00%,  0.84%,  7.01%, 16.40%, 50.92%,  0.00%,  1.16%,  2.03%,  4.38%,  1.07%,  3.82%,  4.80%,  7.56%, 30246.37, 4682.71, 0.00, 81997.54 , 17, 235, 119.20, 51, 164, 111.68, 103, 220, 145.28, 0.00%, 56.06%,0.00%, 28.79%, 15.15%, 0.00%, 0.00%, 0.00%, 0.00%, 0.00%, 41.53%,0.00%, 35.11%, 23.37%, 0.00%, 0.00%, 0.00%, 0.00%, 0.00%, 29.42%,0.00%, 39.98%, 30.61%, 0.00%, 0.00%, 0.00%, 0.00%, 0.00%, 18.00%,0.00%, 41.69%, 40.31%, 0.00%, 0.00%, 0.00%, 0.00%,0.00%, 0.8, 14.5, 965685.1, 927020.4, 0.0, 0.0, 27154880.9, 1.000, 0
47, P-SLICE,   50, 22.00,    1081664, 0,1.58,40.351, 44.091, 45.473, 41.459,24, 46 44 42 , -, 0.00%,  0.00%,  0.00%, 0.50%,  0.39%,  1.83%, 2.24%,  1.11%,  9.33%, 7.11%,  3.07%, 36.00%, 0.00%,  0.06%,  3.61%,  8.19%, 22.37%,  0.00%,  0.01%,  0.42%,  2.34%,  0.00%,  0.07%,  0.36%,  1.00%, 24548.67, 4592.75, 0.00, 180587.76 , 17, 235, 118.02, 52, 165, 111.73, 102, 224, 146.62, 0.00%, 0.00%,0.00%, 28.57%, 71.43%, 0.00%, 0.00%, 0.00%, 0.00%, 42.47%, 1.15%,0.00%, 27.17%, 29.21%, 0.00%, 0.00%, 0.00%, 0.00%, 58.58%, 3.58%,0.00%, 16.41%, 21.43%, 0.00%, 0.00%, 0.00%, 0.00%, 62.54%, 4.51%,0.00%, 14.88%, 18.07%, 0.00%, 0.00%, 0.00%, 0.00%,0.00%, 11233.8, 199.4, 897524.1, 859515.2, 0.0, 0.0, 23513420.5, 1.000, 0
48, B-SLICE,   48, 23.00,     663128, 0,1.64,39.751, 43.891, 45.137, 40.942,27, 46 44 40 ,50 , 0.00%,  0.00%,  0.00%, 0.00%,  0.00%,  0.00%, 0.00%,  0.00%,  0.00%, 0.00%,  0.00%,  0.00%, 0.00%,  0.45%,  7.40%, 16.93%, 57.36%,  0.00%,  0.47%,  1.19%,  2.77%,  0.36%,  2.51%,  3.56%,  6.99%, 28500.84, 4839.63, 0.00, 153575.08 , 17, 235, 118.27, 54, 164, 111.84, 99, 223, 146.06, 0.00%, 44.29%,0.00%, 24.29%, 31.43%, 0.00%, 0.00%, 0.00%, 0.00%, 0.00%, 28.70%,0.00%, 36.31%, 34.99%, 0.00%, 0.00%, 0.00%, 0.00%, 0.00%, 21.93%,0.00%, 40.33%, 37.74%, 0.00%, 0.00%, 0.00%, 0.00%, 0.00%, 13.98%,0.00%, 40.91%, 45.11%, 0.00%, 0.00%, 0.00%, 0.00%,0.00%, 0.8, 2.5, 1007378.6, 963134.5, 0.0, 0.0, 26294395.4, 1.000, 0
49, b-SLICE,   47, 24.00,     394896, 0,1.66,39.447, 43.914, 45.124, 40.715,29, 46 44 ,48 50 , 0.00%,  0.00%,  0.00%, 0.00%,  0.00%,  0.00%, 0.00%,  0.00%,  0.00%, 0.00%,  0.00%,  0.00%, 0.00%,  1.02%,  6.63%, 16.24%, 52.85%,  0.00%,  1.26%,  1.68%,  4.04%,  0.98%,  3.77%,  3.74%,  7.79%, 30558.41, 4776.51, 0.00, 73687.15 , 17, 235, 118.71, 50, 165, 111.83, 104, 224, 145.80, 0.00%, 48.92%,0.00%, 40.29%, 10.79%, 0.00%, 0.00%, 0.00%, 0.00%, 0.00%, 43.16%,0.00%, 36.50%, 20.35%, 0.00%, 0.00%, 0.00%, 0.00%, 0.00%, 25.02%,0.00%, 44.33%, 30.66%, 0.00%, 0.00%, 0.00%, 0.00%, 0.00%, 17.36%,0.00%, 41.35%, 41.29%, 0.00%, 0.00%, 0.00%, 0.00%,0.00%, 0.8, 2.4, 877282.0, 841346.1, 0.0, 0.0, 28036539.1, 1.000, 0
50, b-SLICE,   49, 24.00,     413112, 0,1.62,39.416, 43.828, 45.036, 40.670,28, 48 46 44 ,50 , 0.00%,  0.00%,  0.00%, 0.00%,  0.00%,  0.00%, 0.00%,  0.00%,  0.00%, 0.00%,  0.00%,  0.00%, 0.00%,  0.82%,  5.88%, 16.48%, 52.67%,  0.00%,  1.05%,  1.22%,  3.88%,  1.19%,  4.50%,  4.78%,  7.53%, 30839.20, 4872.51, 0.00, 79538.87 , 17, 235, 118.12, 51, 164, 111.82, 101, 223, 146.34, 0.00%, 59.29%,0.00%, 28.57%, 12.14%, 0.00%, 0.00%, 0.00%, 0.00%, 0.00%, 48.55%,0.00%, 27.92%, 23.52%, 0.00%, 0.00%, 0.00%, 0.00%, 0.00%, 26.71%,0.00%, 42.62%, 30.67%, 0.00%, 0.00%, 0.00%, 0.00%, 0.00%, 16.89%,0.00%, 40.28%, 42.83%, 0.00%, 0.00%, 0.00%, 0.00%,0.00%, 0.5, 3.0, 892932.1, 850241.8, 0.0, 0.0, 27205199.4, 1.000, 0
51, P-SLICE,   54, 22.00,    1053008, 0,1.57,40.317, 44.059, 45.494, 41.432,24, 50 48 46 , -, 0.00%,  0.00%,  0.00%, 0.46%,  0.38%,  1.50%, 2.45%,  1.26%,  8.33%, 7.08%,  3.08%, 32.79%, 0.00%,  0.10%,  3.81%,  8.37%, 25.09%,  0.00%,  0.07%,  0.64%,  2.48%,  0.01%,  0.07%,  0.41%,  1.65%, 24735.98, 4606.80, 0.00, 173702.08 , 17, 235, 117.54, 49, 156, 111.76, 103, 225, 147.49, 0.00%, 7.69%,0.00%, 61.54%, 30.77%, 0.00%, 0.00%, 0.00%, 0.00%, 37.16%, 2.22%,0.00%, 29.47%, 31.16%, 0.00%, 0.00%, 0.00%, 0.00%, 56.11%, 4.89%,0.00%, 19.69%, 19.31%, 0.00%, 0.00%, 0.00%, 0.00%, 57.94%, 5.57%,0.00%, 17.26%, 19.24%, 0.00%, 0.00%, 0.00%, 0.00%,0.00%, 11395.8, 178.0, 893517.6, 859785.6, 0.0, 0.0, 23612665.0, 1.000, 0
52, B-SLICE,   52, 23.00,     652616, 0,1.58,39.710, 43.865, 45.163, 40.911,27, 50 48 44 ,54 , 0.00%,  0.00%,  0.00%, 0.00%,  0.00%,  0.00%, 0.00%,  0.00%,  0.00%, 0.00%,  0.00%,  0.00%, 0.00%,  0.54%,  7.23%, 19.18%, 54.30%,  0.00%,  0.66%,  1.13%,  2.25%,  0.31%,  2.97%,  3.87%,  7.58%, 28761.39, 4854.08, 0.00, 188610.11 , 17, 235, 117.78, 45, 162, 111.78, 102, 224, 147.22, 0.00%, 36.62%,0.00%, 39.44%, 23.94%, 0.00%, 0.00%, 0.00%, 0.00%, 0.00%, 33.41%,0.00%, 34.40%, 32.19%, 0.00%, 0.00%, 0.00%, 0.00%, 0.00%, 20.67%,0.00%, 41.38%, 37.95%, 0.00%, 0.00%, 0.00%, 0.00%, 0.00%, 14.66%,0.00%, 41.42%, 43.92%, 0.00%, 0.00%, 0.00%, 0.00%,0.00%, 0.8, 2.6, 1032128.3, 985365.4, 0.0, 0.0, 26435491.8, 1.000, 0
53, b-SLICE,   51, 24.00,     426264, 0,1.64,39.363, 43.766, 44.981, 40.616,28, 50 48 ,52 54 , 0.00%,  0.00%,  0.00%, 0.00%,  0.00%,  0.00%, 0.00%,  0.00%,  0.00%, 0.00%,  0.00%,  0.00%, 0.00%,  1.04%,  6.42%, 15.55%, 52.87%,  0.00%,  1.36%,  1.90%,  3.80%,  0.91%,  3.34%,  3.85%,  8.95%, 31146.55, 4949.59, 0.00, 98768.65 , 17, 235, 117.79, 49, 159, 111.75, 101, 224, 147.00, 0.00%, 46.76%,0.00%, 45.32%, 7.91%, 0.00%, 0.00%, 0.00%, 0.00%, 0.00%, 42.26%,0.00%, 38.62%, 19.12%, 0.00%, 0.00%, 0.00%, 0.00%, 0.00%, 26.99%,0.00%, 44.12%, 28.89%, 0.00%, 0.00%, 0.00%, 0.00%, 0.00%, 18.49%,0.00%, 43.55%, 37.96%, 0.00%, 0.00%, 0.00%, 0.00%,0.00%, 0.8, 4.9, 882024.3, 842711.4, 0.0, 0.0, 28202604.1, 1.000, 0
54, b-SLICE,   53, 24.00,     438624, 0,1.58,39.388, 43.784, 45.020, 40.641,26, 52 50 48 ,54 , 0.00%,  0.00%,  0.00%, 0.00%,  0.00%,  0.00%, 0.00%,  0.00%,  0.00%, 0.00%,  0.00%,  0.00%, 0.00%,  1.02%,  6.28%, 16.75%, 51.58%,  0.00%,  0.79%,  1.42%,  3.76%,  1.02%,  4.09%,  4.58%,  8.72%, 31002.83, 4916.81, 0.00, 100942.13 , 17, 235, 117.76, 33, 155, 111.74, 102, 225, 147.39, 0.00%, 50.00%,0.00%, 36.62%, 13.38%, 0.00%, 0.00%, 0.00%, 0.00%, 0.00%, 43.72%,0.00%, 29.49%, 26.79%, 0.00%, 0.00%, 0.00%, 0.00%, 0.00%, 26.37%,0.00%, 44.62%, 29.01%, 0.00%, 0.00%, 0.00%, 0.00%, 0.00%, 18.49%,0.00%, 42.41%, 39.10%, 0.00%, 0.00%, 0.00%, 0.00%,0.00%, 0.9, 4.8, 888119.5, 846825.4, 0.0, 0.0, 27366576.6, 1.000, 0
55, P-SLICE,   58, 22.00,    1198040, 0,1.63,40.265, 43.873, 45.260, 41.340,21, 54 52 50 , -, 0.00%,  0.00%,  0.00%, 0.39%,  0.42%,  1.54%, 2.51%,  1.16%,  8.22%, 7.18%,  3.53%, 34.94%, 0.00%,  0.06%,  2.88%,  7.63%, 25.28%,  0.00%,  0.02%,  0.37%,  1.65%,  0.00%,  0.05%,  0.55%,  1.62%, 25003.58, 4828.20, 0.00, 194764.21 , 17, 235, 116.51, 43, 160, 111.72, 100, 226, 147.27, 0.00%, 0.00%,0.00%, 37.50%, 62.50%, 0.00%, 0.00%, 0.00%, 0.00%, 44.30%, 1.42%,0.00%, 26.64%, 27.64%, 0.00%, 0.00%, 0.00%, 0.00%, 58.18%, 4.51%,0.00%, 18.54%, 18.77%, 0.00%, 0.00%, 0.00%, 0.00%, 60.05%, 4.31%,0.00%, 16.62%, 19.02%, 0.00%, 0.00%, 0.00%, 0.00%,0.00%, 11839.3, 157.1, 912844.7, 870108.3, 0.0, 0.0, 23388259.7, 1.000, 0
56, B-SLICE,   56, 23.00,     695840, 0,1.57,39.661, 43.792, 45.085, 40.855,23, 54 52 48 ,58 , 0.00%,  0.00%,  0.00%, 0.00%,  0.00%,  0.00%, 0.00%,  0.00%,  0.00%, 0.00%,  0.00%,  0.00%, 0.00%,  0.49%,  6.93%, 18.25%, 57.42%,  0.00%,  0.39%,  1.02%,  3.15%,  0.25%,  2.06%,  3.23%,  6.80%, 29098.57, 4916.20, 0.00, 164844.18 , 17, 235, 117.19, 50, 155, 111.85, 100, 225, 147.32, 0.00%, 33.82%,0.00%, 36.76%, 29.41%, 0.00%, 0.00%, 0.00%, 0.00%, 0.00%, 26.17%,0.00%, 35.63%, 38.20%, 0.00%, 0.00%, 0.00%, 0.00%, 0.00%, 18.91%,0.00%, 41.18%, 39.91%, 0.00%, 0.00%, 0.00%, 0.00%, 0.00%, 14.21%,0.00%, 39.85%, 45.94%, 0.00%, 0.00%, 0.00%, 0.00%,0.00%, 0.5, 3.3, 1040507.1, 987921.7, 0.0, 0.0, 26285198.2, 1.000, 0
57, b-SLICE,   55, 24.00,     436976, 0,1.58,39.349, 43.759, 44.991, 40.605,24, 54 52 ,56 58 , 0.00%,  0.00%,  0.00%, 0.00%,  0.00%,  0.00%, 0.00%,  0.00%,  0.00%, 0.00%,  0.00%,  0.00%, 0.00%,  0.80%,  6.94%, 16.72%, 51.12%,  0.00%,  0.87%,  1.48%,  3.45%,  0.96%,  5.02%,  4.48%,  8.14%, 31213.85, 4946.48, 0.00, 101976.58 , 17, 235, 117.44, 51, 153, 111.79, 102, 225, 147.40, 0.00%, 54.55%,0.00%, 28.10%, 17.36%, 0.00%, 0.00%, 0.00%, 0.00%, 0.00%, 45.92%,0.00%, 32.20%, 21.88%, 0.00%, 0.00%, 0.00%, 0.00%, 0.00%, 26.30%,0.00%, 43.62%, 30.08%, 0.00%, 0.00%, 0.00%, 0.00%, 0.00%, 17.50%,0.00%, 41.95%, 40.55%, 0.00%, 0.00%, 0.00%, 0.00%,0.00%, 0.8, 4.1, 901396.0, 860346.9, 0.0, 0.0, 28223411.6, 1.000, 0
58, b-SLICE,   57, 24.00,     475008, 0,1.58,39.256, 43.613, 44.860, 40.501,22, 56 54 52 ,58 , 0.00%,  0.00%,  0.00%, 0.00%,  0.00%,  0.00%, 0.00%,  0.00%,  0.00%, 0.00%,  0.00%,  0.00%, 0.00%,  0.51%,  6.26%, 15.90%, 53.50%,  0.00%,  0.84%,  1.41%,  3.15%,  0.84%,  3.97%,  4.53%,  9.09%, 31918.02, 5106.52, 0.00, 98923.06 , 17, 235, 116.74, 43, 156, 111.84, 101, 225, 147.28, 0.00%, 61.90%,0.00%, 28.57%, 9.52%, 0.00%, 0.00%, 0.00%, 0.00%, 0.00%, 43.44%,0.00%, 32.52%, 24.04%, 0.00%, 0.00%, 0.00%, 0.00%, 0.00%, 27.21%,0.00%, 41.58%, 31.21%, 0.00%, 0.00%, 0.00%, 0.00%, 0.00%, 17.79%,0.00%, 39.99%, 42.23%, 0.00%, 0.00%, 0.00%, 0.00%,0.00%, 0.8, 2.9, 914115.1, 874022.7, 0.0, 0.0, 27151703.9, 1.000, 0
59, P-SLICE,   62, 22.00,    1274736, 0,1.61,40.209, 43.694, 45.146, 41.262,17, 58 56 54 , -, 0.00%,  0.00%,  0.00%, 0.26%,  0.21%,  0.99%, 2.17%,  1.16%,  8.01%, 7.17%,  3.82%, 36.11%, 0.00%,  0.05%,  2.02%,  7.15%, 26.52%,  0.00%,  0.01%,  0.28%,  1.80%,  0.00%,  0.01%,  0.38%,  1.87%, 25299.31, 4994.88, 0.00, 181742.11 , 17, 235, 116.01, 42, 160, 111.31, 102, 226, 147.02, 0.00%, 0.00%,0.00%, 25.00%, 75.00%, 0.00%, 0.00%, 0.00%, 0.00%, 41.65%, 0.75%,0.00%, 24.77%, 32.83%, 0.00%, 0.00%, 0.00%, 0.00%, 59.24%, 3.41%,0.00%, 15.89%, 21.47%, 0.00%, 0.00%, 0.00%, 0.00%, 59.71%, 4.65%,0.00%, 12.65%, 22.99%, 0.00%, 0.00%, 0.00%, 0.00%,0.00%, 11645.5, 147.9, 915105.5, 875245.1, 0.0, 0.0, 23411610.4, 1.000, 0
60, B-SLICE,   60, 23.00,     773992, 0,1.65,39.546, 43.500, 44.774, 40.694,19, 58 56 52 ,62 , 0.00%,  0.00%,  0.00%, 0.00%,  0.00%,  0.00%, 0.00%,  0.00%,  0.00%, 0.00%,  0.00%,  0.00%, 0.00%,  0.23%,  7.09%, 18.15%, 58.77%,  0.00%,  0.46%,  1.04%,  3.07%,  0.10%,  1.64%,  2.60%,  6.85%, 29836.07, 5275.70, 0.00, 175913.85 , 17, 235, 116.20, 51, 159, 111.38, 102, 226, 147.07, 0.00%, 30.30%,0.00%, 39.39%, 30.30%, 0.00%, 0.00%, 0.00%, 0.00%, 0.00%, 22.85%,0.00%, 31.88%, 45.27%, 0.00%, 0.00%, 0.00%, 0.00%, 0.00%, 16.70%,0.00%, 41.26%, 42.04%, 0.00%, 0.00%, 0.00%, 0.00%, 0.00%, 13.96%,0.00%, 37.37%, 48.68%, 0.00%, 0.00%, 0.00%, 0.00%,0.00%, 0.8, 2.3, 1056005.8, 1008310.4, 0.0, 0.0, 26242558.6, 1.000, 0
61, b-SLICE,   59, 24.00,     475664, 0,1.61,39.221, 43.469, 44.695, 40.437,20, 58 56 ,60 62 , 0.00%,  0.00%,  0.00%, 0.00%,  0.00%,  0.00%, 0.00%,  0.00%,  0.00%, 0.00%,  0.00%,  0.00%, 0.00%,  0.67%,  6.99%, 16.62%, 53.36%,  0.00%,  0.97%,  1.30%,  3.53%,  0.59%,  3.01%,  3.88%,  9.07%, 32159.78, 5284.77, 0.00, 89960.25 , 17, 235, 116.35, 45, 158, 111.56, 99, 227, 147.19, 0.00%, 47.00%,0.00%, 38.00%, 15.00%, 0.00%, 0.00%, 0.00%, 0.00%, 0.00%, 36.29%,0.00%, 35.71%, 28.00%, 0.00%, 0.00%, 0.00%, 0.00%, 0.00%, 23.78%,0.00%, 43.27%, 32.95%, 0.00%, 0.00%, 0.00%, 0.00%, 0.00%, 18.26%,0.00%, 40.41%, 41.33%, 0.00%, 0.00%, 0.00%, 0.00%,0.00%, 0.8, 2.4, 939702.5, 897543.6, 0.0, 0.0, 28223308.4, 1.000, 0
62, b-SLICE,   61, 24.00,     489688, 0,1.59,39.094, 43.343, 44.638, 40.318,18, 60 58 56 ,62 , 0.00%,  0.00%,  0.00%, 0.00%,  0.00%,  0.00%, 0.00%,  0.00%,  0.00%, 0.00%,  0.00%,  0.00%, 0.00%,  0.53%,  6.24%, 15.81%, 54.61%,  0.00%,  0.87%,  1.52%,  3.56%,  0.55%,  3.94%,  3.88%,  8.50%, 33180.20, 5406.32, 0.00, 88561.68 , 17, 235, 116.08, 46, 164, 111.31, 101, 227, 147.03, 0.00%, 51.14%,0.00%, 26.14%, 22.73%, 0.00%, 0.00%, 0.00%, 0.00%, 0.00%, 43.51%,0.00%, 30.08%, 26.42%, 0.00%, 0.00%, 0.00%, 0.00%, 0.00%, 25.45%,0.00%, 40.60%, 33.95%, 0.00%, 0.00%, 0.00%, 0.00%, 0.00%, 17.32%,0.00%, 38.04%, 44.64%, 0.00%, 0.00%, 0.00%, 0.00%,0.00%, 0.8, 2.9, 933730.5, 897479.0, 0.0, 0.0, 27232840.5, 1.000, 0
63, P-SLICE,   66, 22.00,    1283536, 0,1.66,40.139, 43.633, 45.021, 41.186,13, 62 60 58 , -, 0.00%,  0.00%,  0.00%, 0.23%,  0.14%,  0.59%, 1.77%,  1.04%,  6.09%, 6.50%,  3.21%, 31.75%, 0.00%,  0.06%,  1.98%,  7.72%, 33.65%,  0.00%,  0.03%,  0.36%,  2.57%,  0.00%,  0.01%,  0.36%,  1.95%, 25717.03, 5078.16, 0.00, 168163.56 , 17, 235, 115.81, 48, 173, 111.37, 102, 227, 146.74, 0.00%, 0.00%,0.00%, 44.44%, 55.56%, 0.00%, 0.00%, 0.00%, 0.00%, 32.16%, 1.45%,0.00%, 26.35%, 40.04%, 0.00%, 0.00%, 0.00%, 0.00%, 51.28%, 4.17%,0.00%, 19.03%, 25.52%, 0.00%, 0.00%, 0.00%, 0.00%, 51.12%, 5.57%,0.00%, 15.44%, 27.87%, 0.00%, 0.00%, 0.00%, 0.00%,0.00%, 2683.3, 3.1, 826450.6, 791036.9, 0.0, 0.0, 23441351.5, 1.000, 0
64, B-SLICE,   64, 23.00,     716624, 0,1.64,39.467, 43.473, 44.778, 40.632,15, 62 60 56 ,66 , 0.00%,  0.00%,  0.00%, 0.00%,  0.00%,  0.00%, 0.00%,  0.00%,  0.00%, 0.00%,  0.00%,  0.00%, 0.00%,  0.12%,  6.49%, 16.91%, 59.06%,  0.00%,  0.51%,  0.94%,  3.27%,  0.17%,  2.60%,  3.38%,  6.55%, 30465.68, 5284.24, 0.00, 196100.96 , 17, 235, 116.02, 43, 173, 111.33, 104, 226, 146.86, 0.00%, 58.62%,0.00%, 24.14%, 17.24%, 0.00%, 0.00%, 0.00%, 0.00%, 0.00%, 32.39%,0.00%, 34.70%, 32.91%, 0.00%, 0.00%, 0.00%, 0.00%, 0.00%, 20.34%,0.00%, 38.50%, 41.16%, 0.00%, 0.00%, 0.00%, 0.00%, 0.00%, 13.78%,0.00%, 38.90%, 47.32%, 0.00%, 0.00%, 0.00%, 0.00%,0.00%, 0.8, 2.3, 980942.5, 935752.6, 0.0, 0.0, 26178633.0, 1.000, 0
65, b-SLICE,   63, 24.00,     443192, 0,1.67,39.097, 43.425, 44.700, 40.338,16, 62 60 ,64 66 , 0.00%,  0.00%,  0.00%, 0.00%,  0.00%,  0.00%, 0.00%,  0.00%,  0.00%, 0.00%,  0.00%,  0.00%, 0.00%,  0.48%,  6.48%, 15.42%, 54.07%,  0.00%,  1.03%,  1.38%,  3.26%,  0.62%,  4.80%,  4.39%,  8.07%, 33153.52, 5315.04, 0.00, 103961.96 , 17, 235, 116.09, 48, 160, 111.31, 103, 227, 146.92, 0.00%, 56.47%,0.00%, 36.47%, 7.06%, 0.00%, 0.00%, 0.00%, 0.00%, 0.00%, 47.38%,0.00%, 32.95%, 19.67%, 0.00%, 0.00%, 0.00%, 0.00%, 0.00%, 27.22%,0.00%, 39.91%, 32.87%, 0.00%, 0.00%, 0.00%, 0.00%, 0.00%, 16.54%,0.00%, 37.65%, 45.81%, 0.00%, 0.00%, 0.00%, 0.00%,0.00%, 0.8, 2.9, 883781.8, 842714.2, 0.0, 0.0, 28067805.0, 1.000, 0
66, b-SLICE,   65, 24.00,     447264, 0,1.66,39.046, 43.387, 44.642, 40.288,14, 64 62 60 ,66 , 0.00%,  0.00%,  0.00%, 0.00%,  0.00%,  0.00%, 0.00%,  0.00%,  0.00%, 0.00%,  0.00%,  0.00%, 0.00%,  0.45%,  6.39%, 14.08%, 54.29%,  0.00%,  1.41%,  1.58%,  3.80%,  0.76%,  5.17%,  4.25%,  7.84%, 33641.75, 5384.00, 0.00, 109037.57 , 17, 235, 115.84, 47, 156, 111.33, 103, 226, 146.80, 0.00%, 62.64%,0.00%, 30.77%, 6.59%, 0.00%, 0.00%, 0.00%, 0.00%, 0.00%, 50.72%,0.00%, 32.07%, 17.21%, 0.00%, 0.00%, 0.00%, 0.00%, 0.00%, 29.29%,0.00%, 43.23%, 27.48%, 0.00%, 0.00%, 0.00%, 0.00%, 0.00%, 16.83%,0.00%, 41.62%, 41.54%, 0.00%, 0.00%, 0.00%, 0.00%,0.00%, 0.5, 2.4, 828663.1, 788657.1, 0.0, 0.0, 26995772.1, 1.000, 0
67, P-SLICE,   71, 22.00,    1328328, 0,1.71,40.078, 43.533, 44.969, 41.121,8, 66 64 62 , -, 0.00%,  0.00%,  0.00%, 0.31%,  0.16%,  0.52%, 1.39%,  0.73%,  4.72%, 7.38%,  4.11%, 34.71%, 0.00%,  0.03%,  2.09%,  7.11%, 31.51%,  0.00%,  0.05%,  0.35%,  1.88%,  0.00%,  0.10%,  0.53%,  2.31%, 26089.29, 5170.27, 0.00, 198661.06 , 17, 235, 116.20, 51, 165, 111.11, 101, 227, 146.68, 0.00%, 0.00%,0.00%, 60.00%, 40.00%, 0.00%, 0.00%, 0.00%, 0.00%, 30.47%, 4.49%,0.00%, 30.28%, 34.77%, 0.00%, 0.00%, 0.00%, 0.00%, 46.09%, 5.99%,0.00%, 21.21%, 26.71%, 0.00%, 0.00%, 0.00%, 0.00%, 55.43%, 5.03%,0.00%, 13.70%, 25.84%, 0.00%, 0.00%, 0.00%, 0.00%,0.00%, 1.0, 2.3, 855551.3, 814945.5, 0.0, 0.0, 22347496.2, 1.000, 0
68, B-SLICE,   69, 23.00,     932200, 0,1.67,39.251, 43.176, 44.439, 40.390,10, 66 64 60 ,71 , 0.00%,  0.00%,  0.00%, 0.00%,  0.00%,  0.00%, 0.00%,  0.00%,  0.00%, 0.00%,  0.00%,  0.00%, 0.00%,  0.14%,  6.24%, 16.54%, 63.56%,  0.00%,  0.29%,  0.90%,  2.25%,  0.13%,  1.24%,  2.40%,  6.30%, 31917.42, 5705.71, 0.00, 249278.92 , 17, 235, 115.79, 48, 161, 111.17, 103, 228, 146.59, 0.00%, 46.67%,0.00%, 40.00%, 13.33%, 0.00%, 0.00%, 0.00%, 0.00%, 0.00%, 19.67%,0.00%, 39.46%, 40.86%, 0.00%, 0.00%, 0.00%, 0.00%, 0.00%, 16.61%,0.00%, 42.24%, 41.15%, 0.00%, 0.00%, 0.00%, 0.00%, 0.00%, 11.51%,0.00%, 38.46%, 50.02%, 0.00%, 0.00%, 0.00%, 0.00%,0.00%, 0.8, 2.3, 1062328.0, 1006779.0, 0.0, 0.0, 25261370.5, 1.000, 0
69, b-SLICE,   67, 24.00,     602528, 0,1.64,38.873, 43.174, 44.339, 40.094,12, 66 64 ,69 71 , 0.00%,  0.00%,  0.00%, 0.00%,  0.00%,  0.00%, 0.00%,  0.00%,  0.00%, 0.00%,  0.00%,  0.00%, 0.00%,  0.36%,  7.22%, 16.74%, 56.60%,  0.00%,  0.78%,  0.99%,  2.58%,  0.28%,  2.65%,  3.89%,  7.92%, 34880.28, 5731.64, 0.00, 129039.96 , 17, 235, 115.70, 46, 154, 111.32, 101, 228, 146.70, 0.00%, 43.86%,0.00%, 36.84%, 19.30%, 0.00%, 0.00%, 0.00%, 0.00%, 0.00%, 32.17%,0.00%, 39.15%, 28.68%, 0.00%, 0.00%, 0.00%, 0.00%, 0.00%, 22.56%,0.00%, 43.30%, 34.13%, 0.00%, 0.00%, 0.00%, 0.00%, 0.00%, 15.04%,0.00%, 41.24%, 43.72%, 0.00%, 0.00%, 0.00%, 0.00%,0.00%, 0.5, 5.2, 987088.9, 943374.3, 0.0, 0.0, 28139193.2, 1.000, 0
70, b-SLICE,   68, 24.00,     640008, 0,1.64,38.807, 43.127, 44.248, 40.027,11, 66 64 ,69 71 , 0.00%,  0.00%,  0.00%, 0.00%,  0.00%,  0.00%, 0.00%,  0.00%,  0.00%, 0.00%,  0.00%,  0.00%, 0.00%,  0.39%,  6.66%, 16.23%, 57.39%,  0.00%,  0.63%,  1.49%,  3.30%,  0.26%,  2.13%,  3.95%,  7.59%, 35376.58, 5818.83, 0.00, 143799.93 , 17, 235, 115.67, 49, 160, 111.25, 102, 228, 146.63, 0.00%, 40.00%,0.00%, 48.33%, 11.67%, 0.00%, 0.00%, 0.00%, 0.00%, 0.00%, 29.32%,0.00%, 43.86%, 26.82%, 0.00%, 0.00%, 0.00%, 0.00%, 0.00%, 25.09%,0.00%, 42.77%, 32.15%, 0.00%, 0.00%, 0.00%, 0.00%, 0.00%, 15.36%,0.00%, 41.06%, 43.58%, 0.00%, 0.00%, 0.00%, 0.00%,0.00%, 0.8, 3.0, 844289.2, 810215.9, 0.0, 0.0, 27978531.8, 1.000, 0
71, b-SLICE,   70, 24.00,     549488, 0,1.66,38.865, 43.160, 44.377, 40.091,9, 69 66 64 ,71 , 0.00%,  0.00%,  0.00%, 0.00%,  0.00%,  0.00%, 0.00%,  0.00%,  0.00%, 0.00%,  0.00%,  0.00%, 0.00%,  0.36%,  6.64%, 15.73%, 55.48%,  0.00%,  0.93%,  1.39%,  4.35%,  0.34%,  3.22%,  3.74%,  7.81%, 34943.36, 5687.80, 0.00, 98999.69 , 17, 235, 116.08, 42, 163, 111.18, 102, 227, 146.58, 0.00%, 48.39%,0.00%, 40.32%, 11.29%, 0.00%, 0.00%, 0.00%, 0.00%, 0.00%, 38.50%,0.00%, 32.70%, 28.80%, 0.00%, 0.00%, 0.00%, 0.00%, 0.00%, 24.58%,0.00%, 38.34%, 37.08%, 0.00%, 0.00%, 0.00%, 0.00%, 0.00%, 17.28%,0.00%, 38.71%, 44.01%, 0.00%, 0.00%, 0.00%, 0.00%,0.00%, 1.0, 2.3, 716824.3, 687207.4, 0.0, 0.0, 26904088.8, 1.000, 0
72, P-SLICE,   75, 22.00,    1284696, 0,1.76,40.166, 43.644, 45.074, 41.214,4, 71 69 66 , -, 0.00%,  0.00%,  0.00%, 0.25%,  0.12%,  0.71%, 1.26%,  0.90%,  5.91%, 6.92%,  3.79%, 34.52%, 0.00%,  0.00%,  2.15%,  6.93%, 30.79%,  0.00%,  0.08%,  0.54%,  3.20%,  0.00%,  0.14%,  0.39%,  1.42%, 25826.34, 5049.93, 0.00, 181869.09 , 17, 235, 116.25, 45, 160, 111.31, 98, 226, 146.98, 0.00%, 0.00%,0.00%, 0.00%, 0.00%, 0.00%, 0.00%, 0.00%, 0.00%, 31.31%, 6.26%,0.00%, 37.39%, 25.04%, 0.00%, 0.00%, 0.00%, 0.00%, 50.66%, 5.83%,0.00%, 22.91%, 20.60%, 0.00%, 0.00%, 0.00%, 0.00%, 55.08%, 5.62%,0.00%, 17.53%, 21.77%, 0.00%, 0.00%, 0.00%, 0.00%,0.00%, 1.2, 146.7, 652603.1, 619896.2, 0.0, 0.0, 22763755.4, 1.000, 0
73, B-SLICE,   73, 23.00,     762064, 0,1.70,39.425, 43.372, 44.699, 40.578,6, 71 69 64 ,75 , 0.00%,  0.00%,  0.00%, 0.00%,  0.00%,  0.00%, 0.00%,  0.00%,  0.00%, 0.00%,  0.00%,  0.00%, 0.00%,  0.19%,  6.12%, 17.03%, 59.65%,  0.00%,  0.78%,  1.56%,  3.31%,  0.11%,  1.83%,  2.77%,  6.65%, 30761.54, 5398.65, 0.00, 194794.57 , 17, 235, 116.55, 48, 164, 111.18, 100, 227, 146.77, 0.00%, 35.48%,0.00%, 54.84%, 9.68%, 0.00%, 0.00%, 0.00%, 0.00%, 0.00%, 29.86%,0.00%, 39.07%, 31.08%, 0.00%, 0.00%, 0.00%, 0.00%, 0.00%, 20.28%,0.00%, 37.16%, 42.56%, 0.00%, 0.00%, 0.00%, 0.00%, 0.00%, 13.85%,0.00%, 39.16%, 47.00%, 0.00%, 0.00%, 0.00%, 0.00%,0.00%, 1.0, 2.4, 787881.8, 751069.8, 0.0, 0.0, 25426304.0, 1.000, 0
74, b-SLICE,   72, 24.00,     490632, 0,1.70,39.007, 43.287, 44.513, 40.230,7, 71 69 ,73 75 , 0.00%,  0.00%,  0.00%, 0.00%,  0.00%,  0.00%, 0.00%,  0.00%,  0.00%, 0.00%,  0.00%,  0.00%, 0.00%,  0.40%,  6.34%, 15.95%, 53.58%,  0.00%,  0.92%,  1.75%,  4.23%,  0.54%,  4.24%,  4.09%,  7.95%, 33822.35, 5511.18, 0.00, 101345.81 , 17, 235, 116.44, 48, 160, 111.11, 101, 229, 146.73, 0.00%, 57.14%,0.00%, 37.66%, 5.19%, 0.00%, 0.00%, 0.00%, 0.00%, 0.00%, 44.88%,0.00%, 34.33%, 20.79%, 0.00%, 0.00%, 0.00%, 0.00%, 0.00%, 26.80%,0.00%, 40.03%, 33.16%, 0.00%, 0.00%, 0.00%, 0.00%, 0.00%, 17.73%,0.00%, 40.21%, 42.05%, 0.00%, 0.00%, 0.00%, 0.00%,0.00%, 0.9, 2.3, 727069.3, 696127.6, 0.0, 0.0, 27087079.8, 1.000, 0
75, b-SLICE,   74, 24.00,     471560, 0,1.71,39.035, 43.325, 44.639, 40.272,5, 73 71 69 ,75 , 0.00%,  0.00%,  0.00%, 0.00%,  0.00%,  0.00%, 0.00%,  0.00%,  0.00%, 0.00%,  0.00%,  0.00%, 0.00%,  0.48%,  5.49%, 16.72%, 52.51%,  0.00%,  0.92%,  1.80%,  3.80%,  0.62%,  5.08%,  4.27%,  8.30%, 33643.95, 5420.32, 0.00, 96603.24 , 17, 235, 116.54, 50, 164, 111.24, 100, 228, 146.86, 0.00%, 56.32%,0.00%, 33.33%, 10.34%, 0.00%, 0.00%, 0.00%, 0.00%, 0.00%, 52.20%,0.00%, 30.95%, 16.85%, 0.00%, 0.00%, 0.00%, 0.00%, 0.00%, 26.61%,0.00%, 39.50%, 33.89%, 0.00%, 0.00%, 0.00%, 0.00%, 0.00%, 17.89%,0.00%, 41.58%, 40.53%, 0.00%, 0.00%, 0.00%, 0.00%,0.00%, 1.0, 4.2, 684138.3, 655200.9, 0.0, 0.0, 25860713.2, 1.000, 0
76, P-SLICE,   79, 22.00,    1219528, 0,1.69,40.245, 43.811, 45.349, 41.329,0, 75 73 71 , -, 0.00%,  0.00%,  0.00%, 0.22%,  0.20%,  1.26%, 1.80%,  1.06%,  6.93%, 7.98%,  3.85%, 39.92%, 0.00%,  0.07%,  2.10%,  7.04%, 21.70%,  0.00%,  0.10%,  0.64%,  2.71%,  0.00%,  0.13%,  0.54%,  1.77%, 25302.85, 4841.94, 0.00, 198278.85 , 17, 235, 115.47, 51, 163, 111.56, 102, 231, 146.33, 0.00%, 0.00%,0.00%, 80.00%, 20.00%, 0.00%, 0.00%, 0.00%, 0.00%, 41.92%, 5.72%,0.00%, 29.63%, 22.73%, 0.00%, 0.00%, 0.00%, 0.00%, 54.34%, 6.55%,0.00%, 22.31%, 16.80%, 0.00%, 0.00%, 0.00%, 0.00%, 65.06%, 5.63%,0.00%, 14.98%, 14.33%, 0.00%, 0.00%, 0.00%, 0.00%,0.00%, 3.4, 156.3, 651033.3, 619817.9, 0.0, 0.0, 21931480.0, 1.000, 0
77, B-SLICE,   77, 23.00,     744344, 0,1.67,39.539, 43.486, 44.881, 40.700,2, 75 73 69 ,79 , 0.00%,  0.00%,  0.00%, 0.00%,  0.00%,  0.00%, 0.00%,  0.00%,  0.00%, 0.00%,  0.00%,  0.00%, 0.00%,  0.19%,  6.69%, 17.61%, 58.60%,  0.00%,  0.55%,  1.26%,  3.15%,  0.14%,  1.75%,  3.21%,  6.87%, 29944.01, 5239.29, 0.00, 197244.70 , 17, 235, 115.95, 50, 165, 111.50, 100, 227, 146.80, 0.00%, 42.42%,0.00%, 36.36%, 21.21%, 0.00%, 0.00%, 0.00%, 0.00%, 0.00%, 25.52%,0.00%, 38.56%, 35.91%, 0.00%, 0.00%, 0.00%, 0.00%, 0.00%, 20.23%,0.00%, 39.97%, 39.79%, 0.00%, 0.00%, 0.00%, 0.00%, 0.00%, 14.11%,0.00%, 38.65%, 47.25%, 0.00%, 0.00%, 0.00%, 0.00%,0.00%, 0.8, 2.3, 779452.1, 743259.5, 0.0, 0.0, 24508968.6, 1.000, 0
78, b-SLICE,   76, 24.00,     494512, 0,1.71,39.091, 43.331, 44.627, 40.313,3, 75 73 ,77 79 , 0.00%,  0.00%,  0.00%, 0.00%,  0.00%,  0.00%, 0.00%,  0.00%,  0.00%, 0.00%,  0.00%,  0.00%, 0.00%,  0.46%,  6.72%, 16.00%, 53.31%,  0.00%,  1.02%,  1.66%,  3.69%,  0.52%,  3.67%,  4.49%,  8.46%, 33131.49, 5430.03, 0.00, 97622.47 , 17, 235, 115.99, 52, 159, 111.45, 102, 228, 146.94, 0.00%, 53.16%,0.00%, 40.51%, 6.33%, 0.00%, 0.00%, 0.00%, 0.00%, 0.00%, 41.10%,0.00%, 40.88%, 18.02%, 0.00%, 0.00%, 0.00%, 0.00%, 0.00%, 27.79%,0.00%, 40.24%, 31.96%, 0.00%, 0.00%, 0.00%, 0.00%, 0.00%, 17.76%,0.00%, 40.71%, 41.52%, 0.00%, 0.00%, 0.00%, 0.00%,0.00%, 1.0, 2.3, 712300.2, 681127.5, 0.0, 0.0, 26098560.5, 1.000, 0
79, b-SLICE,   78, 24.00,     461688, 0,1.67,39.197, 43.471, 44.869, 40.440,1, 77 75 73 ,79 , 0.00%,  0.00%,  0.00%, 0.00%,  0.00%,  0.00%, 0.00%,  0.00%,  0.00%, 0.00%,  0.00%,  0.00%, 0.00%,  0.42%,  6.35%, 16.74%, 52.51%,  0.00%,  0.86%,  1.60%,  3.34%,  0.67%,  4.19%,  4.73%,  8.60%, 32422.42, 5203.98, 0.00, 81895.98 , 17, 235, 115.74, 50, 164, 111.54, 101, 230, 146.62, 0.00%, 61.63%,0.00%, 23.26%, 15.12%, 0.00%, 0.00%, 0.00%, 0.00%, 0.00%, 44.25%,0.00%, 34.07%, 21.68%, 0.00%, 0.00%, 0.00%, 0.00%, 0.00%, 27.43%,0.00%, 40.93%, 31.64%, 0.00%, 0.00%, 0.00%, 0.00%, 0.00%, 17.69%,0.00%, 39.69%, 42.62%, 0.00%, 0.00%, 0.00%, 0.00%,0.00%, 0.9, 4.5, 693127.4, 660552.4, 0.0, 0.0, 25010074.8, 1.000, 0

Summary
Command, Date/Time, Elapsed Time, FPS, Bitrate, Y PSNR, U PSNR, V PSNR, Global PSNR, SSIM, SSIM (dB), I count, I ave-QP, I kbps, I-PSNR Y, I-PSNR U, I-PSNR V, I-SSIM (dB), P count, P ave-QP, P kbps, P-PSNR Y, P-PSNR U, P-PSNR V, P-SSIM (dB), B count, B ave-QP, B kbps, B-PSNR Y, B-PSNR U, B-PSNR V, B-SSIM (dB), MaxCLL, MaxFALL, Version
" --input-res 1920x1080 --fps 50 --preset 5 -f 80 --qp 22 --input /data/videos/1080p/BasketballDrive_1920x1080_50.yuv --frame-threads 1 --no-wpp --no-pmode --no-pme --lookahead-slices 0 -o /home/tom/mem_approx/pin-memapprox/examples/x265_2.5/outputs/videos/BasketballDrive_1920x1080_50_qp22_1E-6_1E-6.265 --wber-me 1E-6 --rber-me 1E-6 --psnr --csv-log-level 2 --csv /home/tom/mem_approx/pin-memapprox/examples/x265_2.5/outputs/csv/BasketballDrive_1920x1080_50_qp22_1E-6_1E-6.csv --tune psnr --tune ssim", Tue Feb  6 11:32:13 2018, 70904.39, 0.00, 29259.81, 39.908, 44.228, 45.554, 41.154, -, -, 1     , 19.00, 127476.40, 44.780, 46.160, 47.833, -, 19    , 22.00, 48894.23, 40.410, 44.374, 45.812, -, 60    , 23.68, 21405.30, 39.668, 44.150, 45.434, -, 235   , 120   , 2.5
